log_datetime,12:00:00 AM,12:10:00 AM,12:20:00 AM,12:30:00 AM,12:40:00 AM,12:50:00 AM,1:00:00 AM,1:10:00 AM,1:20:00 AM,1:30:00 AM,1:40:00 AM,1:50:00 AM,2:00:00 AM,2:10:00 AM,2:20:00 AM,2:30:00 AM,2:40:00 AM,2:50:00 AM,3:00:00 AM,3:10:00 AM,3:20:00 AM,3:30:00 AM,3:40:00 AM,3:50:00 AM,4:00:00 AM,4:10:00 AM,4:20:00 AM,4:30:00 AM,4:40:00 AM,4:50:00 AM,5:00:00 AM,5:10:00 AM,5:20:00 AM,5:30:00 AM,5:40:00 AM,5:50:00 AM,6:00:00 AM,6:10:00 AM,6:20:00 AM,6:30:00 AM,6:40:00 AM,6:50:00 AM,7:00:00 AM,7:10:00 AM,7:20:00 AM,7:30:00 AM,7:40:00 AM,7:50:00 AM,8:00:00 AM,8:10:00 AM,8:20:00 AM,8:30:00 AM,8:40:00 AM,8:50:00 AM,9:00:00 AM,9:10:00 AM,9:20:00 AM,9:30:00 AM,9:40:00 AM,9:50:00 AM,10:00:00 AM,10:10:00 AM,10:20:00 AM,10:30:00 AM,10:40:00 AM,10:50:00 AM,11:00:00 AM,11:10:00 AM,11:20:00 AM,11:30:00 AM,11:40:00 AM,11:50:00 AM,12:00:00 PM,12:10:00 PM,12:20:00 PM,12:30:00 PM,12:40:00 PM,12:50:00 PM,1:00:00 PM,1:10:00 PM,1:20:00 PM,1:30:00 PM,1:40:00 PM,1:50:00 PM,2:00:00 PM,2:10:00 PM,2:20:00 PM,2:30:00 PM,2:40:00 PM,2:50:00 PM,3:00:00 PM,3:10:00 PM,3:20:00 PM,3:30:00 PM,3:40:00 PM,3:50:00 PM,4:00:00 PM,4:10:00 PM,4:20:00 PM,4:30:00 PM,4:40:00 PM,4:50:00 PM,5:00:00 PM,5:10:00 PM,5:20:00 PM,5:30:00 PM,5:40:00 PM,5:50:00 PM,6:00:00 PM,6:10:00 PM,6:20:00 PM,6:30:00 PM,6:40:00 PM,6:50:00 PM,7:00:00 PM,7:10:00 PM,7:20:00 PM,7:30:00 PM,7:40:00 PM,7:50:00 PM,8:00:00 PM,8:10:00 PM,8:20:00 PM,8:30:00 PM,8:40:00 PM,8:50:00 PM,9:00:00 PM,9:10:00 PM,9:20:00 PM,9:30:00 PM,9:40:00 PM,9:50:00 PM,10:00:00 PM,10:10:00 PM,10:20:00 PM,10:30:00 PM,10:40:00 PM,10:50:00 PM,11:00:00 PM,11:10:00 PM,11:20:00 PM,11:30:00 PM,11:40:00 PM,11:50:00 PM
tb_plc_ip,192.0.2.238,192.0.2.238,192.0.2.238,192.0.2.238,192.0.2.238,192.0.2.238,192.0.2.238,192.0.2.238,192.0.2.238,192.0.2.238,192.0.2.238,192.0.2.238,192.0.2.238,192.0.2.238,192.0.2.238,192.0.2.238,192.0.2.238,192.0.2.238,192.0.2.238,192.0.2.238,192.0.2.238,192.0.2.238,192.0.2.238,192.0.2.238,192.0.2.238,192.0.2.238,192.0.2.238,192.0.2.238,192.0.2.238,192.0.2.238,192.0.2.238,192.0.2.238,192.0.2.238,192.0.2.238,192.0.2.238,192.0.2.238,192.0.2.238,192.0.2.238,192.0.2.238,192.0.2.238,192.0.2.238,192.0.2.238,192.0.2.238,192.0.2.238,192.0.2.238,192.0.2.238,192.0.2.238,192.0.2.238,192.0.2.238,192.0.2.238,192.0.2.238,192.0.2.238,192.0.2.238,192.0.2.238,192.0.2.238,192.0.2.238,192.0.2.238,192.0.2.238,192.0.2.238,192.0.2.238,192.0.2.238,192.0.2.238,192.0.2.238,192.0.2.238,192.0.2.238,192.0.2.238,192.0.2.238,192.0.2.238,192.0.2.238,192.0.2.238,192.0.2.238,192.0.2.238,192.0.2.238,192.0.2.238,192.0.2.238,192.0.2.238,192.0.2.238,192.0.2.238,192.0.2.238,192.0.2.238,192.0.2.238,192.0.2.238,192.0.2.238,192.0.2.238,192.0.2.238,192.0.2.238,192.0.2.238,192.0.2.238,192.0.2.238,192.0.2.238,192.0.2.238,192.0.2.238,192.0.2.238,192.0.2.238,192.0.2.238,192.0.2.238,192.0.2.238,192.0.2.238,192.0.2.238,192.0.2.238,192.0.2.238,192.0.2.238,192.0.2.238,192.0.2.238,192.0.2.238,192.0.2.238,192.0.2.238,192.0.2.238,192.0.2.238,192.0.2.238,192.0.2.238,192.0.2.238,192.0.2.238,192.0.2.238,192.0.2.238,192.0.2.238,192.0.2.238,192.0.2.238,192.0.2.238,192.0.2.238,192.0.2.238,192.0.2.238,192.0.2.238,192.0.2.238,192.0.2.238,192.0.2.238,192.0.2.238,192.0.2.238,192.0.2.238,192.0.2.238,192.0.2.238,192.0.2.238,192.0.2.238,192.0.2.238,192.0.2.238,192.0.2.238,192.0.2.238,192.0.2.238,192.0.2.238,192.0.2.238,192.0.2.238,192.0.2.238,192.0.2.238,192.0.2.238
tb_displayname,KBS53,KBS53,KBS53,KBS53,KBS53,KBS53,KBS53,KBS53,KBS53,KBS53,KBS53,KBS53,KBS53,KBS53,KBS53,KBS53,KBS53,KBS53,KBS53,KBS53,KBS53,KBS53,KBS53,KBS53,KBS53,KBS53,KBS53,KBS53,KBS53,KBS53,KBS53,KBS53,KBS53,KBS53,KBS53,KBS53,KBS53,KBS53,KBS53,KBS53,KBS53,KBS53,KBS53,KBS53,KBS53,KBS53,KBS53,KBS53,KBS53,KBS53,KBS53,KBS53,KBS53,KBS53,KBS53,KBS53,KBS53,KBS53,KBS53,KBS53,KBS53,KBS53,KBS53,KBS53,KBS53,KBS53,KBS53,KBS53,KBS53,KBS53,KBS53,KBS53,KBS53,KBS53,KBS53,KBS53,KBS53,KBS53,KBS53,KBS53,KBS53,KBS53,KBS53,KBS53,KBS53,KBS53,KBS53,KBS53,KBS53,KBS53,KBS53,KBS53,KBS53,KBS53,KBS53,KBS53,KBS53,KBS53,KBS53,KBS53,KBS53,KBS53,KBS53,KBS53,KBS53,KBS53,KBS53,KBS53,KBS53,KBS53,KBS53,KBS53,KBS53,KBS53,KBS53,KBS53,KBS53,KBS53,KBS53,KBS53,KBS53,KBS53,KBS53,KBS53,KBS53,KBS53,KBS53,KBS53,KBS53,KBS53,KBS53,KBS53,KBS53,KBS53,KBS53,KBS53,KBS53,KBS53,KBS53,KBS53,KBS53,KBS53,KBS53,KBS53
PowActNet_min,225.2371979,215.4061737,184.6152496,183.6520691,211.3370667,303.3686829,277.234436,248.217865,89.71209717,2.709501266,-2.686180115,-3.314524651,5.274749756,-26.54037666,0,0,-10.43701172,281.5957642,330.1717834,354.2055664,568.6878052,414.9691162,558.8607788,728.6291504,728.2217407,718.0671387,727.8291626,729.6248779,727.0971069,727.8220215,725.9641724,509.0249939,629.6936646,440.4446716,588.5772705,651.8198242,593.6157227,559.0203857,452.6577759,461.2774658,473.6289978,373.4298096,307.0575562,278.9679871,394.3511963,501.2551575,463.8340759,686.1292114,514.1057129,438.0242004,540.696106,706.0974731,387.2067566,405.2146606,356.8625793,394.2124329,457.4341125,347.0077515,350.7814026,236.9002991,332.9176636,436.5635986,462.7925415,518.7371826,444.9117432,474.9135742,385.3052673,534.7807617,298.1731262,163.5328064,319.9128418,288.2431946,273.029541,374.0084534,288.7711792,449.1639709,685.9385376,714.3910522,633.9954224,0,-52.36816406,-22.09275436,338.8915405,402.1878967,695.7005005,518.1257324,720.0853882,699.4399414,301.6080017,579.1550903,429.8197937,723.4761353,722.9092407,720.6078491,710.7457886,724.137146,672.6646118,533.7648315,367.1616516,503.5683594,399.2459106,606.6538696,727.6189575,347.2410583,439.9794922,472.2070618,493.5238647,515.2138062,86.20599365,345.2658997,471.7058411,468.4972839,368.3783875,372.2459412,224.8612061,257.1214294,205.6206818,373.1546021,390.1748047,315.8433533,331.5593262,340.3429565,347.0749512,319.980011,288.7347107,317.2991638,337.6430359,442.7520752,567.9415894,681.3500366,632.531311,379.9024353,329.4212952,114.8964691,161.9455261,110.5517578,69.78352356,128.0945129,240.7181244,417.5220947,303.5828247,421.7562866,410.4872131,310.9450073
PowActNet_max,259.0778198,240.4078979,244.2685699,221.3649292,333.0502319,350.9623718,357.158783,277.7201843,284.163208,254.6128387,147.8670197,54.67427063,92.67675018,56.77262115,0,0,632.3904419,477.1397705,517.2557373,623.5067749,773.6947632,746.7034912,787.5877075,747.2044067,745.8093262,758.8353882,745.034668,746.0422363,745.0769043,748.2034302,746.1949463,759.1131592,771.8034058,742.444397,779.9456787,783.5546875,747.3377075,744.741333,701.411499,756.6121216,774.3733521,723.597168,560.6900024,571.9721069,759.6682129,772.4502563,782.4408569,778.3536987,771.8738403,803.7334595,793.62146,767.0227661,795.8039551,748.9304199,769.2572632,770.4360962,776.9180298,757.9801636,637.1071167,764.4474487,786.3933105,782.795166,785.5500488,789.3359985,757.4789429,775.1960449,794.5360107,790.2659912,764.0707397,782.3014526,766.4015503,787.8971558,800.1251831,761.977417,775.6507568,757.180542,790.723938,757.6834106,775.6915894,0,0,789.4035645,772.8515015,775.390686,799.4122314,790.4689941,765.0194702,776.0250244,777.6620483,788.8693848,788.1737671,758.0870361,752.3581543,749.4837036,779.0189209,744.5621948,747.9628906,795.5684204,790.8337402,796.006897,800.0594482,759.4519043,802.3433228,766.3080444,767.5616455,779.1561279,795.6187134,780.0196533,798.6588745,793.3502808,784.963562,780.2532959,768.4493408,755.4856567,671.4822998,755.4005127,641.9805298,749.1625977,668.2210083,551.7229004,393.2879333,420.6681213,410.4362793,393.5035095,346.9676819,384.8375854,492.3411255,583.866333,718.5840454,759.1062622,744.0717163,764.6817627,724.6311646,499.5898743,477.1708374,457.9808655,290.9030457,647.0836792,791.984375,766.0841675,731.006958,712.482666,777.2875366,649.8826294
PowActNet_avg,241.7034912,227.3255768,212.0639801,205.6611938,273.6437988,324.2527771,330.9711304,261.4629517,208.384491,151.7365265,64.19528198,28.40282631,49.51097488,3.133380651,0,0,230.5709381,415.5466614,410.8209839,487.6089172,675.9108276,572.7598877,713.1824341,737.3018188,736.8969727,737.1308594,737.3273926,737.2047729,737.1869507,737.2675781,737.1040039,713.3280029,725.9157715,586.7514038,703.8577881,738.1466675,714.7142334,663.7237549,587.5917969,623.0056152,605.6618652,525.7313843,425.9885254,414.0306396,549.215332,695.1275635,688.3218994,737.1975098,698.9644165,693.3411865,719.3399048,737.7689819,636.8608398,628.9838257,666.4649048,597.8405762,695.3720093,534.5162354,517.6452637,522.0076904,644.0620117,701.5233154,692.7062378,716.7746582,692.928894,632.5709839,630.6578369,726.9980469,610.706665,556.730957,679.4182129,622.5254517,512.9328003,581.7757568,593.8583984,717.3386841,739.246521,736.6626587,734.2487183,0,-0.19744873,559.2140503,626.6918945,712.4547119,736.8950806,726.7434082,736.5653076,736.1558838,663.9475708,731.3932495,721.9373169,736.3120728,736.7079468,736.2733765,736.8170776,736.0252075,735.6773682,717.7576294,711.6162109,708.3482666,701.298584,723.7299194,739.2903442,650.6144409,708.640686,706.7385254,733.0577393,691.5786743,582.3738403,682.8599243,680.7009277,695.5726929,616.5186157,648.0133667,372.6462097,561.2385864,380.1009216,558.2293091,534.8847656,373.6369934,369.119751,379.8067322,384.506958,343.2968445,320.8979492,350.3554077,416.4420776,536.8103027,625.0431519,737.3241577,687.473877,678.0181274,560.9317627,281.3240662,339.8025208,268.8334045,185.3302612,302.6097412,541.5166626,631.4945068,518.725769,570.8132935,618.9393311,475.2362366
Reactive_Power_min,-3.845214844,-3.112792969,-4.028320313,-3.112792969,-3.295898438,-2.197265625,-2.746582031,-3.845214844,-4.39453125,-4.760742188,-4.577636719,-5.676269531,-5.493164063,-4.577636719,0,0,-16.47949219,-5.493164063,-9.521484375,-16.29638672,-23.98681641,-20.32470703,-15.19775391,-1.831054688,-1.46484375,-2.563476563,-1.281738281,-1.647949219,-1.46484375,-1.647949219,-1.831054688,-21.42333984,-19.04296875,-24.53613281,-26.73339844,-20.87402344,-21.78955078,-23.07128906,-19.77539063,-27.09960938,-23.4375,-20.5078125,-11.90185547,-10.98632813,-19.22607422,-21.60644531,-18.49365234,-10.98632813,-21.24023438,-20.32470703,-26.73339844,-8.605957031,-19.77539063,-23.4375,-15.01464844,-19.95849609,-25.81787109,-20.69091797,-15.01464844,-23.98681641,-23.98681641,-13.54980469,-20.5078125,-21.42333984,-26.00097656,-23.4375,-24.90234375,-22.52197266,-26.18408203,-15.01464844,-16.84570313,-25.81787109,-19.40917969,-30.57861328,-28.93066406,-24.53613281,-18.67675781,-5.126953125,-23.62060547,0,-4.028320313,-11.90185547,-10.62011719,-11.90185547,-8.422851563,-9.704589844,-2.746582031,-4.39453125,-10.07080078,-19.04296875,-13.54980469,-1.647949219,-1.46484375,-1.831054688,-3.662109375,-1.647949219,-5.126953125,-16.29638672,-7.873535156,-15.19775391,-15.74707031,-17.39501953,-2.746582031,-9.155273438,-17.578125,-11.53564453,-13.54980469,-14.28222656,-15.01464844,-17.578125,-20.14160156,-11.53564453,-20.5078125,-10.25390625,-8.056640625,-15.93017578,-9.704589844,-11.53564453,-8.7890625,-4.943847656,-1.831054688,-2.746582031,-3.295898438,-1.281738281,-1.831054688,-2.197265625,-3.845214844,-5.859375,-11.35253906,-12.08496094,-11.90185547,-10.25390625,-8.972167969,-6.225585938,-2.9296875,-4.760742188,-6.225585938,-8.605957031,-8.972167969,-11.90185547,-10.62011719,-10.98632813,-11.71875,-6.042480469
Reactive_Power_max,3.662109375,3.112792969,3.479003906,3.295898438,3.295898438,1.831054688,2.197265625,3.662109375,3.845214844,4.39453125,5.310058594,5.859375,5.493164063,3.662109375,0,0,64.63623047,6.408691406,9.521484375,13.00048828,23.25439453,23.07128906,11.90185547,1.647949219,1.647949219,3.295898438,1.831054688,1.831054688,1.46484375,1.46484375,2.746582031,19.22607422,17.02880859,26.73339844,19.95849609,12.26806641,15.38085938,21.24023438,14.6484375,23.07128906,18.12744141,16.84570313,9.521484375,10.43701172,22.70507813,18.12744141,15.74707031,12.26806641,18.31054688,15.38085938,25.45166016,6.958007813,17.21191406,16.47949219,13.73291016,17.94433594,17.02880859,14.09912109,13.00048828,17.02880859,20.87402344,13.36669922,17.02880859,19.77539063,17.94433594,20.14160156,14.83154297,20.5078125,20.87402344,14.09912109,13.00048828,16.84570313,15.01464844,23.98681641,20.69091797,21.60644531,13.00048828,8.056640625,18.12744141,0,0,32.40966797,12.26806641,6.225585938,5.859375,6.225585938,3.845214844,4.760742188,10.07080078,5.310058594,13.00048828,2.197265625,1.647949219,1.647949219,3.479003906,2.014160156,6.958007813,7.507324219,9.155273438,13.73291016,9.887695313,13.73291016,7.690429688,11.90185547,6.408691406,10.80322266,10.62011719,11.35253906,10.98632813,11.71875,11.35253906,13.73291016,12.45117188,7.32421875,6.774902344,15.19775391,6.774902344,10.07080078,7.32421875,4.39453125,2.014160156,2.197265625,4.39453125,1.647949219,1.647949219,1.647949219,3.845214844,4.943847656,9.521484375,10.80322266,11.71875,11.90185547,12.81738281,4.760742188,3.295898438,3.845214844,6.591796875,5.126953125,7.141113281,15.19775391,7.507324219,10.43701172,7.873535156,4.760742188
Wind_Direction_Avg,73.68639374,66.68805695,62.42015076,53.75601578,56.84327316,53.57128143,55.37385559,66.70681,62.75597763,57.80875015,57.66962814,54.16030884,55.73110199,81.84687042,97.48852539,82.96212769,70.80316162,82.27485657,85.7694397,78.72834778,77.87302399,87.59502411,96.68498993,100.8525696,105.3076706,109.2571487,102.112175,99.00572205,94.73819733,94.8331604,91.68102264,76.76743317,72.24440002,62.63922501,72.75257874,77.99443054,81.00862885,78.27298737,81.87490082,77.76397705,71.39109039,68.71002197,73.19338226,64.38085938,62.91722107,62.4081955,65.82180023,66.73236847,58.29388046,58.82997513,63.25055313,65.84559631,68.90325165,66.88945007,78.69335175,75.61430359,78.74904633,71.88502502,67.9444046,78.2932663,79.22042847,77.87014008,81.89907074,73.90892792,72.7729187,67.06472015,77.79898834,71.26552582,78.45222473,70.31298828,73.10664368,72.68919373,79.80961609,72.31894684,65.93421173,70.2602005,62.05404282,67.23088837,72.84928894,73.97061157,71.91614532,77.71524048,69.8934021,67.86740875,74.78999329,77.23154449,80.07832336,80.15444183,72.97491455,80.66429901,71.23523712,58.49564362,58.93043518,57.29000473,65.1869812,54.9568634,62.55029297,63.79733658,58.26506424,56.34496689,61.77169418,61.98464203,59.18658066,66.99944305,66.24584961,64.61097717,61.04920578,58.09053421,65.24524689,56.37665939,54.29195404,61.40155411,61.59501266,61.63023376,60.99575043,55.0488205,53.35555267,53.19116592,56.23285294,38.32473755,33.38035583,36.48575211,44.59217453,47.20659637,43.02388763,46.99227142,46.0921402,44.66606522,42.16905212,47.23342514,49.73671722,45.42211914,38.29239273,40.85861969,52.07823181,67.52906799,77.55926514,90.56412506,93.2224884,94.37109375,92.58888245,94.03315735,95.62805939,97.41796875
Wind_Speed_min,4.960000038,4.654999733,4.599999905,4.949999809,5.059999943,5.414999962,5.394999981,5.25,4.110000134,2.764945984,2.677000523,2.79361558,3.021929026,1.876577139,1.207543612,1.887065053,3.912528276,5.050000191,5.375,5.605000019,5.804999828,5.690000057,5.819999695,6.635000229,5.559999943,5.949999809,6.539999962,6.954999924,6.390000343,6.434999943,6.125,5.845000267,5.534999847,5.260000229,6.275000095,6.019999981,6.210000038,6.154999733,5.860000134,5.670000076,5.429999828,5.675000191,5.190000057,4.529999733,5.115000248,5.695000172,5.619999886,5.909999847,5.609999657,5.284999847,5.739999771,5.849999905,4.855000019,5.034999847,5.904999733,5.06000042,5.485000134,5.364999771,5.045000076,4.854999542,4.756875038,5.125,4.948642731,5.625,6.199999809,5.360000134,5.194999695,5.679999828,5.015000343,4.369999886,5.005000114,4.489999771,4.914999962,4.8091259,5.255000114,5.199999809,4.994999886,6.194999695,4.880000114,0,4.574999809,4.329999924,4.199999809,5.539999962,5.769999981,5.614999771,5.590000153,5.909999847,5.199999809,5.289999962,5.194999695,5.739999771,6.539999962,5.555000305,5.664999962,5.960000038,6.010000229,5.600000381,5.309999943,5.784999847,5,5.295000076,5.989999771,4.835000038,5.760000229,6.135000229,6.119999886,5.805000305,4.494999886,4.920000076,6.06000042,5.789999962,5.019999981,5.940000057,4.614999771,4.784999847,4.704999924,5.765000343,5.454999924,5.119999886,5.159999847,5.395000458,5.345000267,5.574999809,4.975000381,5.570000172,5.595000267,6.25,6.25,6.670000076,6.559999943,5.150000095,4.835000038,3.527798414,2.89035964,3.373017311,3.406089783,3.779306173,4.525000095,5.170000076,4.914999962,5.400000095,5.5,5.140000343
Wind_Speed_max,7.149999619,6.725000381,6.795000076,6.680000305,7.025000095,7.140000343,7.135000229,7.029999733,7.019999981,6.555000305,5.81499958,4.699999809,4.764999866,4.029999733,3.21821928,5.784999847,7.305000305,7.775000095,7.670000076,8.210000038,8.940000534,9.11000061,10.01499939,10.27499962,10.73999977,9.905000687,10.54500008,10.56500053,10.25,11.09500027,11.09000015,9.454999924,9.180000305,8.755000114,9.590000153,9.845000267,8.840000153,8.694999695,9,9.159999847,9.11000061,9.145000458,8.520000458,8.734999657,8.789999962,9.020000458,9.469999313,10.00500011,9.454999924,9.944999695,9.659999847,10.02499962,9.600000381,9.614999771,9.575000763,8.924999237,9.409999847,8.914999962,8.369999886,8.739999771,9.405000687,9.574999809,9.440000534,9.86000061,10.11499977,9.430000305,10.09000015,9.574999809,10.09000015,9.284999847,10.61499977,10,9.300000191,9.75,10.23999977,11.77999973,11.54500008,10.79000092,10.75,10.125,11.90500069,11.51000023,10.92000008,11.68499947,11.82999992,11.89999962,12.01000023,11.29500008,11.05999947,12.24499989,12.13500023,13.57500076,12.99499989,11.67500019,11.89500046,11.80500031,10.82500076,12.07500076,11.27499962,11.38999939,10.72500038,11.25,10.23999977,10.09000015,9.595000267,9.690000534,9.944999695,9.704999924,9.375,9.844999313,9.885000229,9.590000153,9.239999771,9.13999939,8.034999847,8.885000229,7.940000057,8.675000191,8.864999771,7.835000038,7.244999886,7.239999771,7.630000114,7.565000057,7.260000229,7.529999733,8.309999466,8.010000229,8.959999084,9.030000687,8.854999542,8.835000038,8.594999313,7.875,8.405000687,7.884999752,7.350000381,8.930000305,9.199999809,8.930000305,8.364999771,8.710000038,9.614999771,8.840000153
Wind_Speed_Avg,5.764625549,5.569540024,5.566193104,5.742451191,6.100093365,6.285430908,6.193072319,6.116306782,5.561369419,5.126926899,4.269429207,3.636781454,4.026643276,2.772215128,2.331700563,3.81986928,5.621260643,6.598350048,6.52457428,6.795410633,7.397129059,7.188097954,7.884297848,8.603989601,8.445429802,8.257852554,8.696497917,8.713163376,8.68794632,8.842736244,8.3061409,7.905599117,7.680557251,7.122190952,7.633133888,7.792776108,7.613510132,7.445230484,7.216280937,7.284217834,7.116816998,6.950191021,6.541391373,6.451384544,6.945016861,7.422307968,7.477470875,7.970926762,7.753005505,7.543215275,7.583199024,7.865281582,7.337309361,7.290490627,7.814525604,7.185100079,7.548594475,6.895828247,6.85369873,6.993120193,7.352019787,7.721700668,7.69012928,7.87836504,7.948442459,7.422078609,7.558600903,7.869889259,7.34766531,7.244710922,7.661942482,7.469152927,7.136432171,7.301339626,7.54635191,8.417715073,8.51050663,8.471010208,8.184539795,9.708554268,8.394831657,7.886467934,7.580982208,8.738417625,8.627470016,8.357561111,8.600099564,8.447067261,8.256249428,8.807919502,8.82348156,9.276713371,9.62600708,9.289895058,8.736959457,8.999684334,8.401779175,8.510264397,8.183291435,8.033514977,8.224643707,8.413385391,8.362595558,7.881599903,7.949929237,8.001024246,8.239693642,7.634507656,7.319076538,7.624995232,7.553462505,7.737377167,7.273308277,7.488009453,6.442531109,7.009284019,6.312958717,7.133064747,7.06576395,6.402719498,6.382007122,6.430355549,6.522348404,6.486399651,6.200381279,6.494903564,6.679502964,7.062368393,7.435745239,7.742292404,7.775701523,7.521377563,6.963558674,5.578664303,6.406972885,5.923180103,5.267564774,6.208209038,7.035840034,7.348143101,6.957156658,7.256088734,7.379989624,6.871646404
Reactive_Power_Avg,0.000305176,0.001220703,-0.057678223,0.004882813,0.003356934,-0.068664551,-0.0390625,-0.016784668,0.025634766,-0.023498535,0.007019043,0.013122559,0.010681152,0.005493164,0,0,0.045776367,-0.061035156,-0.022888184,0.045166016,-0.163269043,0.439453125,-0.006103516,-0.023498535,0.017700195,-0.009155273,-0.014953613,0.018920898,0.01159668,0.002746582,0.019226074,-0.263977051,0.268249512,-0.245666504,0.155944824,0.11138916,0.299377441,0.038452148,-0.55480957,0.042724609,0.540771484,-0.125732422,0.027770996,-0.155029297,-0.049743652,-0.211181641,0.003967285,0.118408203,-0.107727051,-0.114135742,-0.022888184,0.03112793,0.187683105,0.101928711,-0.035095215,-0.094909668,-0.103149414,0.052185059,0.245361328,0.249328613,0.143737793,0.131530762,0.107727051,-0.12298584,-0.24810791,-0.163879395,-0.068664551,-0.20324707,-0.019836426,-0.010375977,-0.028076172,-0.118408203,-0.103149414,-0.140991211,0.557250977,-0.189056396,-0.007019043,0.014953613,-0.072631836,0,-0.01953125,0.043029785,0.05279541,0.001831055,0.00793457,-0.036010742,-0.016174316,0.015258789,-0.085144043,-0.11505127,-0.029602051,-0.004577637,0.013122559,-0.021057129,0.032348633,-0.005493164,0.00579834,0.059509277,-0.010681152,0.078125,0.129394531,-0.10559082,0.049438477,0.046691895,0.006103516,0.023193359,-0.03326416,-0.068359375,0.020446777,0.061035156,-0.098266602,0.039367676,-0.16418457,0.115966797,0.009460449,-0.056152344,-0.102233887,0.195617676,-0.068664551,-0.010681152,0.036010742,-0.001831055,0.034179688,0.006713867,-0.020751953,0.000915527,0.003356934,-0.016479492,0.135498047,-0.085144043,0.171813965,-0.054321289,-0.012207031,0.02532959,0.013427734,-0.020751953,0.036010742,-0.069274902,0.030822754,-0.028991699,0.005493164,-0.021057129,0.108337402,0.032043457
Produced_Energy,44.46411133,37.90283203,35.33935547,34.27124023,45.6237793,54.04663086,55.11474609,43.57910156,34.72900391,25.26855469,10.62011719,4.760742188,8.239746094,0.549316406,0,0,38.51318359,69.3359375,68.48144531,81.29882813,112.6708984,95.45898438,118.8354492,122.8637695,122.8027344,122.8637695,122.8637695,122.8637695,122.8637695,122.8637695,122.8637695,118.8964844,120.9716797,97.77832031,117.3095703,123.046875,119.140625,110.5957031,97.96142578,103.8208008,100.9521484,87.58544922,70.98388672,69.03076172,91.61376953,115.8447266,114.7460938,122.8637695,116.5161133,115.4785156,119.934082,122.9858398,106.1401367,104.7973633,111.1450195,99.67041016,115.8447266,89.11132813,86.30371094,87.03613281,107.3608398,116.9433594,115.4785156,119.4458008,115.4785156,105.4077148,105.1025391,121.1547852,101.6845703,92.89550781,113.2202148,103.7597656,85.44921875,97.04589844,98.99902344,119.5678711,123.2299805,122.8027344,122.3754883,46.20361328,-0.061035156,93.38378906,104.4311523,118.7133789,122.8027344,121.09375,122.7416992,122.6806641,110.6567383,121.887207,120.300293,122.7416992,122.8027344,122.7416992,122.8027344,122.6806641,122.6196289,119.6289063,118.5913086,117.980957,116.9433594,120.6054688,123.2299805,108.4594727,118.1030273,117.7368164,122.253418,115.234375,97.04589844,113.8305664,113.4643555,115.9057617,102.7832031,107.9711914,62.19482422,93.44482422,63.4765625,92.95654297,89.23339844,62.19482422,61.5234375,63.29345703,64.08691406,57.12890625,53.52783203,58.41064453,69.39697266,89.53857422,104.1870117,122.8637695,114.5629883,112.9760742,93.44482422,46.81396484,56.640625,44.79980469,30.88378906,50.41503906,90.33203125,105.2856445,86.36474609,95.15380859,103.1494141,79.16259766
Gri_PowAux_avg,11.35203743,11.24744987,11.57989788,11.33889198,11.30045033,11.36531734,11.36938,11.37757492,11.29611492,11.67416954,11.64734459,10.66180325,10.41424274,8.485947609,4.361235142,3.047087669,8.455094337,10.93980598,11.61427975,11.50190639,11.59263706,11.58902168,12.28530693,12.79629135,12.99580383,12.99289227,12.74675655,12.75698948,12.97687531,12.76173019,12.85436058,13.22574425,12.65422153,12.19162464,11.43102741,12.25427723,12.46453857,12.3923645,11.40062237,11.00857449,10.98674679,11.26624966,10.91875458,10.96873283,11.02186489,11.0112257,11.71706486,12.64347458,12.74805927,12.54972458,12.55822468,12.58472919,12.83422089,12.42558384,11.90803909,11.78185749,11.78883457,11.88743114,11.14715576,11.64979076,12.07889652,12.96300316,12.71285152,13.24703598,12.73094273,12.74161148,12.72381496,13.01148033,12.89958668,12.32806873,12.85867882,12.82256126,12.79846096,11.60503769,12.81277943,13.25410938,13.27759075,13.43349648,13.63802528,2.334536314,6.255214691,11.93155098,13.30322933,13.54124355,13.2691288,13.09672832,13.31347942,13.6342392,13.54357147,13.55674362,13.53637314,13.62700558,13.27563858,13.80752563,13.19449997,13.93183136,13.29369736,13.53495502,13.37723923,13.43639565,12.99765396,13.40433884,13.55211735,13.32470798,13.31649876,13.07171535,13.22481728,13.14275742,13.36217117,13.11277008,13.22428036,13.14627552,13.16242695,12.91755199,13.02154446,12.89204788,11.53925419,12.63019371,12.81077671,12.79417038,11.22745037,11.35085773,11.37853622,11.30944061,11.40489483,11.12048054,11.4206953,11.33817577,11.9762125,12.72335243,12.67622948,12.76981544,12.72592163,11.9295311,11.30627155,11.64041328,11.2905283,11.63501549,11.68881798,12.84151268,12.57400894,12.91168118,12.70194626,12.69157505
Bat_VolAct1_avg,409.9138489,408.612915,410.440094,410.716217,409.4330444,408.4754333,411.4202881,410.2315979,408.9484253,409.6464539,411.0326843,409.7481995,408.4518738,411.1981506,415.3937988,409.1735535,408.2940674,411.3139648,410.303772,408.8919067,409.7818909,410.918396,409.4971924,408.4093628,411.4286804,410.0687256,408.629364,410.3543091,410.640564,409.2488403,409.015625,411.1846924,409.7427368,408.3317261,411.1133728,410.3562622,408.9949646,409.4993896,411.0767822,409.7112122,408.3578186,411.1029968,410.4276428,409.0929871,409.2521362,411.1526184,409.8228455,408.4414978,410.8518372,410.4892883,409.1435852,409.1305542,411.2058411,409.8518066,408.5770874,410.6299438,410.6135864,409.3495178,408.5640564,411.4264832,410.1966858,408.9191895,409.7032166,411.0237732,409.8001099,408.535614,410.7348328,410.627533,409.3743896,408.5647583,411.4325562,410.1743164,408.8795471,409.813446,410.9193726,409.5536194,408.2954407,411.3946228,410.2628174,429.1710205,388.5029297,410.6777039,409.2433472,408.9246216,411.2839966,409.9428711,408.5577087,410.5583191,410.656189,409.3336182,408.6329956,411.401123,410.0678101,408.6980591,410.208252,410.7683716,409.4317017,408.4225159,411.393158,410.1665649,408.8616333,409.8511047,410.8890686,409.6253052,408.3454285,411.2740173,410.3414001,408.9673462,409.5086365,411.038147,409.7399597,408.3607178,411.0595703,410.4432678,409.1272888,409.1804199,411.1872253,409.9248047,408.62677,410.4799805,410.6913757,409.4284058,408.4064331,411.3843994,410.294281,409.0318909,409.3467407,411.1263123,409.8880615,408.6513672,410.446991,410.7214966,409.4633179,408.4068604,411.3518066,410.34729,409.1062622,409.177063,411.2044373,409.9558716,408.7023315,410.2350464,410.7743835,409.5052185
Bat_VolAct2_avg,409.7826233,411.0047302,410.1081238,409.2241211,408.5309448,411.2268677,410.5491333,409.6282959,408.7080078,410.1169128,410.8909912,410.0037231,409.15448,408.5805359,410.8948059,412.958313,409.3397522,408.4179382,411.1584167,410.4875183,409.5221252,408.4900513,410.7032471,410.6528015,409.6323242,408.65625,410.3060913,410.8251953,409.8059998,408.7827759,409.9056396,410.9111328,409.8946228,408.8755493,409.5791626,411.0409241,410.0705261,409.110321,408.8006897,411.2904663,410.3443298,409.40979,408.5228577,410.9152832,410.6582947,409.6916504,408.6778259,410.0855103,410.9074402,409.916626,409.0058289,409.2076416,411.1676941,410.2314453,409.3065491,408.4646606,411.194519,410.5525818,409.6950684,408.8344421,409.8931274,410.9745483,410.0606384,409.1867371,408.6167297,411.2339172,410.4823914,409.5963745,408.67099,410.1505737,410.9121399,410.0090637,409.078186,408.8917542,411.2637329,410.3403625,409.4295959,408.4585876,410.9518738,429.1604919,389.5618286,410.5970459,409.6103516,408.5811157,410.4350281,410.7788391,409.828064,408.8426208,409.5387878,411.0475464,410.1185303,409.212616,408.5722046,411.289032,410.4310913,409.5435486,408.6417847,410.4663086,410.7741089,409.8355103,408.9025879,409.4446716,411.060791,410.1489258,409.2429199,408.5321655,411.2761536,410.4295044,409.4882202,408.5942993,410.5001221,410.7346497,409.8308716,408.8796082,409.4328308,411.1004333,410.165863,409.2559509,408.4823608,411.2154541,410.5296631,409.7111206,408.7692566,409.8837585,410.9749146,410.0769653,409.2265625,408.5383606,411.189209,410.5776062,409.7185059,408.8498535,409.7042847,411.0028687,410.1201782,409.3159485,408.5048218,411.0481262,410.6405945,409.8074341,408.9138489,409.416748,411.0897522,410.1859741
Bat_VolAct3_avg,411.375824,410.1240234,408.9003296,409.618042,411.0459595,409.7591858,408.5601196,410.6046753,410.6159973,409.3627319,408.4821472,411.4267578,410.2368469,409.3917847,403.8999329,414.1348877,410.1681519,408.7451782,410.0682678,410.8195801,409.4551392,408.3746948,411.4031372,410.1164551,408.7764893,410.0441895,410.8088989,409.4191284,408.4532166,411.4159241,410.0257568,408.655426,410.3077698,410.6665344,409.3016052,408.6787109,411.3456116,410.0154724,408.7107544,410.1376953,410.782135,409.4642639,408.3382568,411.3631897,410.289032,408.9271545,409.5752563,411.0100403,409.7322998,408.3601685,411.019989,410.4462585,409.1789551,408.9277039,411.2958069,409.9919739,408.7190857,410.036499,410.8666992,409.6006165,408.3162842,411.104126,410.4882202,409.2390137,408.7262573,411.3613586,410.1092529,408.9005432,409.6098022,411.0324097,409.77948,408.5003662,410.6656799,410.6200562,409.3563843,408.5632324,411.4124756,410.1266174,408.8295898,429.0816345,387.7026978,410.7509766,409.3899231,408.4729004,411.4015503,410.1233215,408.8008728,409.8803101,410.9150391,409.6046753,408.3639832,411.0976563,410.411438,409.1281433,409.0116577,411.2115173,409.9291687,408.6074829,410.3916931,410.6766968,409.398468,408.4217529,411.4032593,410.1776428,408.953949,409.5371399,411.0277405,409.7617493,408.4562988,410.7961426,410.5433044,409.2588196,408.7565002,411.3137512,410.0558777,408.7758179,409.9310303,410.8794556,409.5934753,408.3561096,411.0219421,410.5375061,409.2867126,408.5728149,411.3847961,410.2155151,408.987915,409.3386841,411.1445923,409.9376526,408.7204285,410.1253662,410.8349915,409.6069031,408.3972778,410.8912048,410.6107178,409.4013977,408.3899536,411.364563,410.2992859,409.1032715,409.0969543,411.1906433
Ambient_Temp_Avg,28.5476265,28.89425087,29.17822266,29.70130157,30.02673531,30.18116188,30.37454033,30.27787781,29.48595619,28.25490952,26.92839432,26.15013885,26.2388134,26.20814705,25.99648857,26.1101017,27.14141846,27.42493439,27.3445282,27.27433014,27.1323452,26.93701172,26.88445854,26.81533813,26.69815445,26.6120224,26.43598557,26.18099022,26.25278664,26.32031631,26.15005302,26.00109291,26.05033684,25.9529705,25.96295738,25.86121178,25.82610703,25.76853371,25.74596786,25.74513626,25.71884155,25.72994995,25.73513603,25.74425888,25.80921173,25.82083702,25.90638351,26.05636406,26.14731407,26.35362434,26.5461731,26.72756577,26.97535324,27.43053436,27.75254822,28.14425087,28.60253334,28.83026123,29.23177719,29.55214882,29.91717148,30.13156509,30.52200127,30.71033287,31.19328499,31.47184181,31.79155922,31.50235748,31.8810482,32.16904449,32.36180496,32.54535294,32.95863342,33.12506866,33.20552444,33.14030457,32.97657776,32.99596405,33.35900116,34.20199585,33.9562149,33.66862488,34.1475296,34.07214737,34.12345886,34.37798691,34.36874008,34.51660919,34.42382813,34.44680405,34.63101196,34.15185165,34.00167847,33.98791885,34.39149475,34.02223969,34.16795731,34.19114685,34.17692184,34.38928986,34.39503098,33.96388626,33.94013977,34.01010132,34.05993271,34.36524582,34.32021332,34.3389473,34.33887863,34.10942459,34.13792801,34.05208588,33.91161728,33.9165802,33.93238831,33.79567719,33.745327,33.67640305,33.66134262,33.47583008,33.37488556,33.34584808,33.33065796,33.3458252,33.2626915,33.14416122,32.94647598,33.01429367,32.93093872,32.92050934,32.90896988,32.72967911,32.41453552,32.24457169,32.28079987,32.03709793,32.05546188,32.03489304,31.85493469,31.64318085,31.47592163,31.28340149,31.17344093,31.01156807
CabNac_NacTem_avg,30.08584023,29.56814384,29.60144806,29.68029022,29.98871422,30.13504219,30.29076767,30.48267174,30.44914436,30.11727142,29.66113853,29.57389259,29.93118095,30.00643921,29.09321213,28.42928314,28.72351646,29.50958252,29.27539444,29.00886726,28.81573296,28.82761383,28.98107147,29.24531174,29.74727821,30.05429649,30.12799072,30.14343452,30.21787071,30.22297478,30.25875664,30.23065376,30.31417656,30.261446,30.3413353,30.44200516,30.53789139,30.49091721,30.44347572,30.42877197,30.39909554,30.22912788,30.28066444,30.25951576,30.2258358,30.28915977,30.42359352,30.46410179,30.49505806,30.57050705,30.78827477,30.96630287,31.15472412,31.31882477,31.64265633,31.8680439,32.30148315,32.49790192,31.94956017,31.13256264,31.16596413,31.26046944,31.60530281,31.74926186,32.04998398,32.22180557,32.39368439,32.71580887,32.69907379,32.75764847,33.13030243,33.5061264,33.43582535,33.68394852,33.85150528,33.9799118,34.01966095,33.9497757,34.19006348,35.17630768,33.70974731,34.57924652,34.65736389,34.40610504,34.71516418,35.14345551,35.09178543,35.30103683,35.1752739,35.27583694,35.30958176,35.24618912,35.10188293,34.94491959,35.09241867,35.12102127,35.28519058,35.4221077,35.3484993,35.39041138,35.57820892,35.53631592,35.42124939,35.39863968,35.57650375,35.55018997,35.62200165,35.76128769,35.50939178,35.37923813,35.54212189,35.51563644,35.29182434,35.318573,34.93775558,34.9346962,34.80723572,34.95462418,34.84550858,34.50516129,34.53666687,34.55728149,34.64584351,34.66583633,34.5377388,34.52022934,34.50025558,34.46365356,34.31275177,34.3285675,34.31878662,34.1413765,33.8989563,33.58413696,33.57079315,33.57484436,33.44996262,33.37232971,33.58692932,33.5371666,33.4101181,33.11590195,33.06257629,32.95378113
CabTow_CabTem_avg,30.82271194,30.81612968,30.81009102,30.81091118,30.78937912,30.771595,30.8133297,30.82181931,30.82003212,30.82144928,30.8213501,30.81576729,30.78193092,30.76545334,30.81661415,30.78103828,30.62990189,30.6199379,30.55591774,30.52762413,30.52344131,30.52344131,30.5337925,30.54815674,30.59727287,30.59370041,30.62158585,30.62521553,30.62483978,30.70096588,30.81267166,30.82339478,30.83398056,30.88143539,30.91653061,30.91285133,30.9193058,30.29255867,30.3017807,30.43910789,30.52209282,30.53158569,30.524086,30.57253838,30.62322235,30.75572205,30.8574028,30.99627686,31.17336845,31.3490715,31.5653286,31.84243202,32.07746124,32.08529663,29.67901993,31.54915047,32.22980499,29.75273132,31.71986008,30.84739304,30.98591232,31.45728874,30.51859665,31.33616447,30.72267532,30.7216301,31.45506096,30.15118217,31.91604233,29.95452118,31.45547867,30.69448853,30.37715149,31.76693344,29.80265999,31.59365654,30.35440063,30.55861092,31.46874619,33.08749008,31.2703476,30.56798744,30.3696785,31.5535717,29.66612244,31.8269043,29.63148117,31.58269882,30.12758446,30.98411179,30.69038773,30.3573246,31.11429596,30.02105522,31.4128418,29.7089386,31.57028961,29.56320572,31.7393589,29.45670319,31.85518646,29.35733032,31.83401108,29.48638916,31.77708244,29.78523064,31.41067696,30.08312225,31.03692055,30.65667343,30.37611389,31.33158112,29.70797539,31.82063484,29.64603233,31.67960358,30.04522133,31.0326786,30.89059258,30.11931229,31.80817795,29.7270546,31.73271179,30.10009384,31.05522728,30.92354202,30.33342743,31.68647194,29.92495155,31.96965408,29.78192139,31.88625336,29.96901131,31.63502884,30.26323318,31.34854889,30.57026291,31.0369854,30.87073517,30.8374958,31.05646896,30.80934334,31.0647583,31.03815079
Gea_OilInlPre_avg,2.076909304,2.059431553,2.038638353,2.031576395,2.137157679,2.19942522,2.196182966,2.098239422,2.054961681,2.035243034,2.030502081,1.95344913,1.918945909,1.518577695,0.720765114,0.77128309,1.950388551,2.227251768,2.267604351,2.343242884,2.540974617,2.392010212,2.682435513,2.852813721,2.847479105,2.840643406,2.847545862,2.859042645,2.854689121,2.847454786,2.847733498,2.751852989,2.752479553,2.461869001,2.565489292,2.786210537,2.740889788,2.555585861,2.416027784,2.439013481,2.43635726,2.340150595,2.239037991,2.234671116,2.38206315,2.539081335,2.636673927,2.831943035,2.72521615,2.732095718,2.763826609,2.825690746,2.598129988,2.590617657,2.658142567,2.48837924,2.637413025,2.37373805,2.304828405,2.32936573,2.535339594,2.71393013,2.669249296,2.719996452,2.652427673,2.540046215,2.564447403,2.725030899,2.471318245,2.452852488,2.645176888,2.515946388,2.360989571,2.355381966,2.479479074,2.698377848,2.745936394,2.74595046,2.723263025,0.641210735,0.696480989,2.460059881,2.540985107,2.71754384,2.737107277,2.701063871,2.736962795,2.724805355,2.600387335,2.697235107,2.694596529,2.730535746,2.728121758,2.74273777,2.726993084,2.722573519,2.72233057,2.64656806,2.630619526,2.598901987,2.612657309,2.628192425,2.70438242,2.551122189,2.632358789,2.600663424,2.679866552,2.535208464,2.396098614,2.574825048,2.554868698,2.575582504,2.457448244,2.515768051,2.148041487,2.364153862,2.120939493,2.325876236,2.329356194,2.164782286,2.117482185,2.131685972,2.133546114,2.090056658,2.069503069,2.099974394,2.169986486,2.269780874,2.376834631,2.700010061,2.460330486,2.563656092,2.358150959,2.042328119,2.085935354,1.998841405,1.92177248,2.056809664,2.378508568,2.477504969,2.346089363,2.406056643,2.476835251,2.30749321
Gen_BeaDe_tem_max,45.81060028,45.85228348,45.57831955,45.50941849,45.56665802,45.6550827,45.80072403,46.05935669,46.07406616,46.08897018,45.87548447,45.76740265,45.77702332,45.78798676,45.73496246,45.42215347,44.74341583,44.28239059,44.19804382,44.13089752,44.64673996,45.13902283,45.58985519,46.64649582,46.99323654,47.29734421,47.43976974,47.46618271,47.14839935,46.90483856,46.63883209,46.4473877,46.54483414,46.14457703,45.73268127,45.2250824,45.35445023,45.26660538,44.87459946,44.43544388,43.98285675,43.68555832,43.36674881,43.0067749,42.60857391,42.47443771,42.70198441,43.16599655,43.52994156,43.64583588,43.87462616,44.18865967,44.4589386,44.3719368,44.36433411,44.45803833,44.46531296,44.69354248,44.54123688,44.47689056,44.59435654,45.07308197,45.53236389,45.92176056,46.49916077,46.63409805,46.78104782,47.12747574,47.44083786,47.46320343,47.60372162,47.96270752,47.87969589,47.81046295,47.76756668,48.19250488,48.43843079,48.85073471,49.21815872,49.91994476,49.92170715,50.1973114,51.01185608,51.5900383,52.40478516,52.90886688,53.11320877,53.4228096,53.49401855,53.65216446,53.85531616,53.8183136,53.65343094,53.5696106,53.5487709,53.47655487,53.46827316,53.54697037,53.47132874,53.33716965,53.24772263,53.13074875,53.05817795,52.90350723,52.74410248,52.75138092,52.67353058,52.57594299,52.57144928,52.2491684,52.13018799,51.98154831,52.11950684,51.83400726,51.79786301,51.35748291,50.95501709,50.52128983,50.37895203,50.18716812,49.79609299,49.45068359,49.21466827,49.0315361,48.87495041,48.60459518,48.46497726,48.43364716,48.5188179,48.77367401,49.10304642,49.06460571,49.13400269,48.9605217,48.60699844,48.2901535,48.03726578,47.72338486,47.5522995,47.78065872,47.88355255,47.74796295,47.68911362,47.58892059
Gen_BeaDe_Tem_avg,45.66798401,45.63732147,45.47919464,45.40497208,45.40754318,45.50966644,45.63319397,45.79596329,45.89292526,45.90690231,45.7623291,45.67070389,45.64374161,45.70695496,45.60569382,45.05669403,44.43777847,44.05428314,44.03638077,43.91335297,44.1740799,44.96090317,45.07180786,46.14365768,46.79499435,47.06547165,47.30331421,47.24915695,46.91164398,46.64759445,46.41184235,46.31108856,46.16963577,45.88512421,45.36704254,45.03630447,45.1217308,44.97313309,44.56060791,44.07793427,43.73047638,43.43635941,43.11779785,42.74944687,42.41866684,42.31427383,42.47195435,42.84650803,43.30030441,43.50746155,43.69551849,43.91032028,44.21875,44.20630646,44.15494537,44.30808258,44.3509407,44.53555298,44.38386536,44.31396866,44.35878754,44.72974777,45.27125168,45.65682602,46.07289886,46.43654251,46.59483719,46.92256927,47.23911285,47.25856781,47.41925812,47.72882843,47.76134491,47.67066574,47.62557983,47.79058456,48.21850586,48.59884262,49.01239777,51.22857285,49.8033905,49.77242661,50.6294136,51.12729645,52.01060104,52.63510895,52.93439484,53.17642593,53.28754425,53.50559998,53.66094589,53.61407852,53.52480316,53.42373657,53.43995285,53.34545517,53.33555603,53.36099243,53.33486938,53.14654922,52.97935486,52.94031906,52.76889801,52.75684738,52.6091156,52.53368759,52.43749619,52.43055344,52.28887558,52.02142715,51.95210648,51.85450363,51.80245972,51.6818924,51.53038025,51.05434799,50.73412323,50.37342834,50.18791962,49.94775009,49.57625198,49.26921082,49.04388809,48.86536407,48.65065002,48.4513588,48.34571075,48.30545044,48.33309555,48.44307327,48.88643265,48.90265656,49.00653076,48.78046799,48.36684418,48.06851578,47.80389404,47.501091,47.36999893,47.57417679,47.72183609,47.59270096,47.48288345,47.4096489
Gen_BeaNdeTem_max,49.71384048,49.59843445,49.75440979,49.63494873,49.48950577,49.5744133,49.4846344,49.62062073,49.72830963,49.87786484,49.91859818,49.80646133,49.93264771,49.38867188,48.92353439,48.02403641,47.71034622,47.78755569,47.53684998,47.30447006,47.38818741,47.16757965,47.10400009,47.50748062,47.59968948,47.8299675,48.23414612,48.22488403,48.40213013,48.48111343,48.59296417,48.73320007,48.59290695,48.55458832,48.40671158,48.1011467,48.32575607,48.34639359,48.15623474,47.94425964,47.58139801,47.39982986,46.9994545,47.10207367,46.57949829,46.37085342,46.33422089,46.36522293,47.03250122,46.78194809,47.13694382,47.22227859,47.48308945,47.58454132,47.6192131,47.81654358,47.81647873,47.95914459,47.92591476,47.8850975,47.97702408,48.33160782,48.70389175,49.08874512,49.51597977,49.72130966,50.01689148,50.1267662,50.53948212,50.54703522,50.70547867,51.2284584,51.1890831,51.3292923,51.28170395,51.5351181,51.91313934,51.92450714,52.35817719,51.92153168,51.89791107,52.39953613,52.43057251,52.54706573,52.88989639,53.03778076,53.59091568,53.78334045,53.95091629,54.20525742,54.36040878,54.55296707,54.90851974,54.93958664,54.83250427,54.98019791,55.17988205,55.12782669,55.29131699,55.40197754,55.38439178,55.37982559,55.34139252,55.41509628,55.48631668,55.55914307,55.73237991,55.81590652,55.74541092,55.53614807,55.73442459,55.50027084,55.51809692,55.35732651,55.16473389,55.2308197,54.50918579,54.42672729,54.19527054,53.9138298,53.57468414,53.44301605,53.15261459,52.90066528,52.73903275,52.3925705,52.21904755,52.11120987,52.15622711,52.19352722,52.49636459,52.55197144,52.66604233,52.50009918,52.26102066,51.98022842,51.8868866,51.78430557,51.63824463,51.58434296,51.56485367,51.64983749,51.32331848,51.22786713
Gen_BeaNdeTem_avg,49.3082695,49.27344894,49.23918915,49.07765579,49.05096817,49.09519958,49.04473495,49.19098282,49.26856995,49.34048462,49.12561035,49.12809753,49.1125145,49.0221138,48.52254868,47.59224319,47.27912903,47.16481781,46.96409607,46.7418251,46.67850494,46.64852142,46.63131332,46.86357498,47.09030914,47.37184143,47.60522842,47.6902504,47.81912613,47.93689346,47.99039459,48.08843994,48.06957626,48.03969955,47.84898376,47.67555618,47.75450134,47.79908371,47.5274086,47.2209816,46.98675919,46.7171402,46.49602127,46.22102737,45.95697021,45.79480743,45.79431915,45.90044403,46.13015366,46.27534485,46.47770691,46.71464539,46.95743179,47.03863144,47.06057739,47.21434402,47.29735947,47.4315567,47.41521454,47.43859863,47.5067749,47.76947784,48.12458801,48.47677231,48.88560867,49.1818161,49.376194,49.60909653,49.9124527,50.0749588,50.21882248,50.54367447,50.63565063,50.64496231,50.67669678,50.81832886,51.15042496,51.40969849,51.77735519,53.28355408,51.72742844,51.68997574,51.87672424,52.0839653,52.30997849,52.62565613,52.92205429,53.23669052,53.48208618,53.71899796,53.86100006,54.04515839,54.22463226,54.29920578,54.30305481,54.46987915,54.53411102,54.65362549,54.69364548,54.78513718,54.79851532,54.82854843,54.87900925,54.94486237,54.97575378,55.06565094,55.12360001,55.14958191,55.09864426,54.94841003,54.95231247,54.88143921,54.84307861,54.77294159,54.68147659,54.42541504,54.12757874,53.81839371,53.65610886,53.41611862,53.10230255,52.82029724,52.55734634,52.38083267,52.12335587,51.91973495,51.71942139,51.56674957,51.53818512,51.61003113,51.8813591,51.92395401,52.05546951,51.95187759,51.81393814,51.68264771,51.40501022,51.24559021,51.03818893,50.94839478,50.97571564,50.86854172,50.77524948,50.67810059
Gri_CurAve_max,223.5723114,209.6329803,212.9595947,193.2805939,286.6151428,299.0567627,304.1810608,239.608963,244.0127258,219.2733154,133.4365692,55.31031036,86.58170319,59.51795959,8.676446915,8.686294556,514.0956421,397.3425598,430.5475159,509.7801514,632.1689453,604.4182129,641.263855,607.7786865,606.8358154,615.3485718,607.6104736,606.6472778,605.1611328,603.6947632,603.0227661,608.1923218,628.9777832,598.1797485,638.9744873,643.6930542,617.664856,618.8001709,583.2036133,622.4365234,643.9133911,601.1663818,468.7019958,480.2521667,626.6064453,641.3979492,649.6560059,646.8457642,647.4317627,670.0515747,663.6650391,643.3428955,666.2697754,629.8612061,649.1542969,650.9749756,655.5559082,638.8694458,543.3369751,648.5101929,661.8682251,660.4888306,668.9549561,672.1442261,636.2747803,662.6480713,678.0466309,673.4230957,647.3707886,661.9399414,643.0921021,666.675293,674.6287842,633.3432617,649.4577637,635.5911255,656.3603516,633.6234131,641.5036621,8.78875351,43.68265915,652.6513062,638.5039673,643.3574829,658.757019,648.8987427,636.208313,644.2149658,645.6503906,650.3179321,648.9433594,627.1269531,619.0139771,618.204895,635.3075562,614.7288818,618.0494995,646.3947754,652.746582,656.7556763,658.1077881,624.6411133,660.9171753,630.1346436,634.9315186,643.088562,656.2666016,643.7939453,655.9766235,651.0785522,642.3848877,639.3012695,629.6661377,619.9210205,551.7669067,621.7282715,528.1412354,616.5717163,554.4233398,462.7247925,333.8348083,355.5234375,347.1844177,334.503418,296.214325,327.3955383,417.1048279,491.5279846,604.4423828,634.8837891,619.7050171,635.4708862,604.4030151,422.2572021,405.6465149,391.9362183,252.514801,540.5595093,660.9545898,637.0282593,609.7251587,595.6480713,645.8643188,539.7988892
Gri_CurAve_avg,210.6087646,199.4507751,186.9813538,181.1845551,237.4364624,278.8718262,283.7998047,226.1701813,182.7166443,137.1864929,66.65955353,37.27067947,53.90640259,14.07756329,8.654411316,8.661031723,199.2706604,349.9805908,345.3786316,406.085083,556.8147583,471.9554749,584.5181274,603.6828613,601.0714722,602.9256592,603.6333618,602.9048462,601.4609985,599.8914185,598.1521606,579.3621826,591.7431641,482.050354,578.9837646,610.3040771,594.6693726,556.3438721,493.0688171,521.2547607,507.5149536,443.5614624,362.2500916,352.2760315,462.7817688,582.2828369,575.7136841,616.0888672,585.4492798,581.0564575,602.677063,620.4395752,537.3737183,531.663269,563.8443604,507.609436,590.6251831,458.2928772,444.6734924,449.0348511,550.631897,596.4985352,590.9440918,612.1343384,592.2419434,543.4003906,541.3366699,620.7153931,522.7615356,476.6044922,577.1062012,529.0604858,438.2752991,491.4577026,501.2408447,602.9258423,619.4014282,617.164978,613.0672607,9.010205269,8.899381638,466.6103516,521.7976074,591.1732788,608.4501953,601.6026001,611.687439,613.8761597,554.9009399,609.0869751,600.152771,612.15625,610.1771851,610.7037354,609.3492432,609.3536377,609.9125977,592.0978394,587.0033569,586.7692261,578.9776001,598.0736694,611.9199219,538.3258057,586.6223145,584.4802856,603.3847046,571.8690796,482.7106323,564.2137451,560.9856567,571.6884155,508.2362976,535.7113037,314.0718384,466.4380798,319.9179077,465.3335876,447.787384,318.3486328,314.874054,323.3873291,327.0210266,293.9324646,275.2037354,299.9229736,355.107666,455.8564148,528.6049194,618.0371094,577.7053833,567.3417969,471.6467285,244.1800842,293.361145,235.4260406,165.589447,260.9420166,456.9576111,530.6734619,437.4751587,480.0942688,518.6838989,400.7610168
Grid_Voltage_min,694.2721558,692.0697632,692.527832,693.7964478,693.4968872,693.9725952,697.1793213,697.0383911,696.8093262,696.4040527,693.9373779,692.3869019,690.7659302,689.8144531,690.0082397,688.616333,691.1359253,699.4169922,705.8303833,707.8919067,711.5214844,713.6358032,715.5210571,716.1201172,719.7496948,716.3667603,716.0496216,717.5649414,717.8292236,720.2077637,723.0973511,721.071106,719.9259033,715.274353,710.4642944,708.1914063,702.6413574,697.5317383,697.7431641,701.3551025,699.75177,697.0559692,695.3292847,695.3292847,695.4349976,693.0387573,699.3464966,701.178894,698.2188721,699.2936401,699.5579224,696.6507568,695.5583496,694.888855,693.0740356,691.3297119,689.796814,686.960144,685.2863159,683.0838623,684.9162598,688.4049072,685.8324585,686.4667969,684.7929077,684.1939087,682.3438721,686.0968018,686.3082275,686.0968018,689.9025269,690.3254395,691.2063599,693.3383179,693.9197388,697.5317383,699.9631958,698.3774414,701.883667,0,697.9898071,698.2540894,705.2842407,706.0595093,707.6452026,706.4823608,705.4603882,702.711792,703.8394165,702.6589355,705.3899536,704.8613892,707.3104858,706.1651611,707.4866333,707.9976196,706.024231,708.9138184,709.230957,707.0109253,709.3543091,706.6761475,708.4204712,707.8742676,708.2090454,709.2485962,709.6009521,709.6714478,710.2528687,710.2000122,711.8914795,712.4553223,712.2967529,709.230957,706.5175781,704.9318237,702.236084,705.8304443,704.3504028,699.4522095,696.3864746,697.020752,695.8050537,696.5979004,697.144104,694.8712158,694.5011597,692.8273315,692.4221191,698.09552,698.8179321,699.75177,697.3907471,690.5016479,689.8849487,686.8896484,688.263916,693.7435913,694.8887939,697.6550293,700.1922607,700.4036865,700.7913208,701.0731812
Grid_Voltage_max,696.3512573,694.4659424,694.1664429,694.9945068,694.6950073,697.6726685,698.1483765,699.0469971,698.5183716,699.4874878,696.8093262,695.5759888,693.1621094,692.4397583,692.2987671,691.3297119,699.5932007,707.3457031,708.6847534,712.8076782,715.5739136,717.5649414,718.6572876,720.4544678,722.5687866,720.6482544,719.5206299,720.1021118,722.3045044,724.383606,726.2160034,726.9207764,722.9916382,720.7716064,717.1068115,711.8914795,709.0018921,707.0814209,705.9185181,704.1741943,704.7732544,701.7250977,699.3464966,699.3641357,701.0203247,702.1655884,704.8613892,704.9671021,706.5175781,703.9275513,703.7513428,700.8970337,700.4036865,698.8707886,696.7036133,696.1750488,694.2545166,691.223999,688.5106201,688.8101196,693.2149658,694.184082,692.3340454,690.8363647,690.5720825,689.1448975,690.6072998,691.7349854,692.0697021,692.2635498,696.0693359,697.0736084,695.5407104,700.3860474,702.359436,702.7294312,704.9846802,704.84375,707.9447632,700.579895,705.2489624,711.2219238,712.5786133,713.8295898,717.0363159,717.1420288,710.9047852,708.6671143,707.4689941,709.5128784,712.0324097,712.2086182,713.1600952,713.2658081,714.1115112,713.7415161,713.1953125,716.4724731,716.9834595,714.8515015,715.2744141,715.6091309,713.0015259,715.9967651,714.1820068,714.322937,717.8291626,715.9439087,715.7148438,714.8339233,717.406311,718.3049316,718.9920654,715.4505615,711.2219238,713.8824463,710.5700684,710.887146,708.2442627,705.0728149,699.6812744,700.1394043,700.2979736,698.6945801,699.0822144,698.0779419,697.4612427,696.0869141,698.8179321,702.5356445,701.1965332,705.4075317,705.4780273,700.0160522,694.2369385,691.6821289,694.2897949,699.6812744,702.711792,704.4561157,703.9451904,704.2094727,706.0594482,705.8656616
Nacelle_Position_Avg,72.65981293,72.65981293,68.2611084,61.24468231,61.24468231,61.24468231,61.24468231,61.24468231,61.24468231,57.0016098,60.24517441,51.52624512,54.49032211,67.52000427,95.69773102,87.7508316,79.33164215,74.49899292,83.34777069,83.37892914,83.37892914,83.37892914,90.75588989,93.40325165,97.85112,105.2432632,107.7079697,107.7079697,102.2862015,95.4500885,95.41516113,85.72492218,71.32341003,68.87474823,66.25735474,73.89626312,73.94005585,73.94005585,76.53484344,79.68366241,79.68366241,70.19065094,69.43996429,69.37758636,69.36708832,69.36708832,69.36708832,69.36812592,64.45689392,62.0859642,62.0859642,62.05526733,71.47724152,66.11061096,74.11836243,76.37687683,76.42829132,75.4862442,69.65979004,76.92807007,81.87892914,81.87892914,81.94646454,78.34737396,69.69561768,69.69561768,72.81370544,75.64428711,73.46426392,70.68276215,68.45761871,72.75299835,76.42829132,73.26924896,67.48936462,62.83668518,66.29528046,60.89057922,75.02711487,84.44680023,71.28468323,69.96483612,74.85124969,68.9986496,74.83963776,74.82494354,78.95999146,79.15103149,74.23317719,78.68825531,77.70696259,60.24497986,58.06235123,56.78027344,65.6951828,57.78294373,63.70658112,62.60513687,63.24639893,54.47120285,56.44161606,60.95498657,59.65631485,62.29541016,72.39237976,60.57230377,60.54937363,58.89064407,57.40875626,59.93388748,54.53943253,57.32839203,66.69563293,66.69563293,61.47192001,59.59801483,59.59801483,52.06864166,52.55260849,46.35362625,38.74418259,38.74418259,38.74418259,38.74418259,38.74418259,38.74418259,38.74418259,46.0471344,46.75640106,46.75640106,46.75640106,46.75640106,46.75640106,46.75640106,46.92020035,62.20021439,71.23075867,81.97338867,89.80197144,89.85522461,89.85522461,89.85522461,89.85522461,89.8581543
Hub_BlaInf1_BlaCabTem_ave,40.68116379,40.67612457,40.6619072,40.67316055,40.68600845,40.70296097,40.72775269,40.74523926,40.73389816,40.73762894,40.74075317,40.76750183,40.74980164,40.65861893,40.31903076,40.02701187,40.2099762,40.38825226,40.45763779,40.50357056,40.53794098,40.58496857,40.55734253,40.52013397,40.54512787,40.54633713,40.5447998,40.53913879,40.53201294,40.52412796,40.51095963,40.52644348,40.51427841,40.4608345,40.39638138,40.32915878,40.27898407,40.25098801,40.19628143,40.1317749,40.09147263,40.05057907,40.00811386,39.95958328,39.90681458,39.8602829,39.81856155,39.77269363,39.7400856,39.73769379,39.72104645,39.67812729,39.67962646,39.65682602,39.61426163,39.61900711,39.62311554,39.61470795,39.60925293,39.60414886,39.60261536,39.60467148,39.68454361,39.69320297,39.73351669,39.80345154,39.86535263,39.90643692,39.99641418,40.03395081,40.12864304,40.20900345,40.27718735,40.35177612,40.42618179,40.50016022,40.60152054,40.72577667,40.87418365,41.95947647,40.78146744,40.88268661,41.07739258,41.24246597,41.39873505,41.58056641,41.72903824,41.8723526,42.00382233,42.12134933,42.23023605,42.34928513,42.48898697,42.62021637,42.73984909,42.84304428,42.97004318,43.07392883,43.1590004,43.22636032,43.30472183,43.41558456,43.46575546,43.56787109,43.62893677,43.69716644,43.73866653,43.84560394,43.90451431,43.94970322,44.00769424,44.03078461,44.08575821,44.1256752,44.16582489,44.18664551,44.22352982,44.25613403,44.2828331,44.32351303,44.34137726,44.35286331,44.38067245,44.39781189,44.39996338,44.41765213,44.4120636,44.40356827,44.42116928,44.44277191,44.47001648,44.4578476,44.45544815,44.44688797,44.45393753,44.436409,44.43120956,44.42504501,44.44150925,44.43780136,44.4323616,44.4248085,44.41125488,44.39992523
Hub_BlaInf2_BlaCabTem_ave,40.69290161,40.67652512,40.67973328,40.67801666,40.68402481,40.69248199,40.71884918,40.73654938,40.77714157,40.79221344,40.80930328,40.82747269,40.82685089,40.79249573,40.67911148,40.56459427,40.53089905,40.45375443,40.51585388,40.55463791,40.59027863,40.59044266,40.62459946,40.66115189,40.687603,40.70302963,40.70921707,40.71461105,40.70718765,40.70112228,40.71538162,40.70990372,40.65226746,40.57413101,40.51984406,40.47577667,40.4553299,40.36982727,40.30003738,40.23439789,40.20052338,40.13774872,40.06928253,40.01231766,39.96783829,39.94728088,39.92082214,39.93154526,39.89202881,39.87867737,39.8601532,39.86040497,39.82746887,39.79698181,39.75934982,39.79419708,39.741642,39.68560028,39.65750122,39.63156128,39.6652565,39.76450348,39.79518127,39.85411453,39.90386963,39.93845749,39.99199295,40.08529663,40.12158585,40.17668533,40.26886749,40.33084869,40.38261032,40.42585754,40.5424614,40.67991638,40.80274963,40.96126938,41.11639404,42.15763092,40.98828888,41.20740509,41.33377457,41.5190773,41.68803787,41.86521912,42.01026154,42.16517639,42.27819061,42.41790771,42.53590393,42.66052246,42.79251099,42.92184067,43.05065918,43.17326355,43.27147675,43.36530304,43.43913269,43.52183914,43.59492493,43.68899918,43.7740097,43.83436966,43.91911316,43.97307587,44.02827454,44.11508942,44.14241028,44.18115997,44.28974533,44.27901459,44.30801773,44.37469864,44.36006927,44.3711853,44.40227127,44.41090775,44.43522644,44.45898056,44.47294998,44.4852562,44.50474167,44.51562119,44.52721405,44.53536987,44.55207825,44.56745911,44.57904434,44.65538025,44.70412827,44.6987648,44.67073441,44.64815903,44.63376999,44.62434769,44.5961647,44.60037994,44.6020546,44.61598587,44.57807159,44.55316162,44.53558731,44.51143265
Hub_BlaInf3_BlaCabTem_ave,40.87755203,40.85668182,40.85332108,40.84003067,40.85725021,40.87895966,40.92080307,40.92334366,40.92276382,40.92712784,40.95798874,40.95215988,40.94157791,40.92606354,40.68927002,40.61044312,40.7711792,40.80224991,40.85545731,40.88014603,40.88639069,40.88764954,40.89738464,40.88869476,40.91075897,40.90705872,40.89502716,40.8787117,40.87982178,40.85518646,40.86190796,40.85548019,40.79432678,40.78504562,40.72312164,40.63668442,40.61652756,40.55143356,40.48876953,40.42975235,40.38794327,40.33118439,40.24968338,40.18814087,40.14480972,40.14983368,40.11914063,40.08621979,40.05119324,40.0484848,40.02130508,39.98245621,39.94621277,39.97573471,39.91958237,39.897892,39.89361191,39.8895607,39.87051392,39.85103989,39.86017609,39.9299202,39.98922348,40.03053284,40.1048317,40.15294266,40.18926239,40.26810455,40.33081818,40.38284302,40.4826355,40.56009293,40.63916397,40.72835159,40.77849579,40.92612457,41.03506088,41.15725708,41.31846237,41.99606323,41.00095749,41.34998703,41.51673126,41.69612503,41.89558792,42.0602951,42.21891403,42.37998199,42.50316238,42.66005707,42.78186035,42.89970398,43.02756882,43.15833664,43.27487946,43.38426971,43.50638199,43.59121323,43.68500137,43.75780106,43.82278061,43.91217422,43.98802567,44.08253479,44.15976715,44.20888901,44.25624847,44.34309769,44.42774582,44.44401932,44.49675751,44.55098724,44.56682205,44.63142395,44.60115433,44.63484192,44.63913345,44.67179108,44.70064926,44.71632767,44.71578598,44.72608948,44.74973679,44.74408722,44.74011612,44.75270844,44.74863434,44.76951981,44.7960968,44.84276581,44.9131012,44.9044838,44.91390228,44.8965416,44.81839371,44.80958176,44.77300262,44.77545166,44.77616882,44.79267883,44.81111145,44.78815842,44.76380539,44.75358582
Con_Cab1_CabTem2FilMax_ave,33,33,33,33,33,33,33,33,33,33,32.20166779,32,32,32.26666641,33.95333481,34,33.125,32,32,32,32,32.52833176,33,33,33,33,33,33,33,33,33,33,33,33,33,33,33,33,,33,33,33,33,33,33,33,33,33,33,33,33,33.68500137,34,34,34,34,34.94333267,35,35,35.10833359,36,36,36,36.77166748,37,37,37.51833344,38,38,38,38,38.56499863,39,39,39,39.22000122,39.97833252,40,40,43.10526276,41.29666519,41,40.3116684,41,41,41,41,41,41.3516655,42,42,42,42,42,42,42,42,42,42,42,42,42,42,42,42,42,42,42,42,42,42,42,42,42,42,41.70000076,41,41,41,41,41,41,40.49166489,40,40,40,40,40,39.88499832,39.00166702,39,39,39,39,39,39,39,39,39,39,39,38.46333313,38,38
Grid_Voltage_Avg,695.7218628,693.1868896,693.4147949,694.3720093,694.1047363,695.8260498,697.5829468,698.116394,697.6257935,697.9970093,695.0582275,693.9887695,691.8538818,691.2712402,690.9763184,689.9276733,695.9468994,704.1721802,707.1508789,710.3809204,713.3119507,715.6663818,717.1697388,718.0672607,721.0843506,718.8771362,717.8997803,718.7433472,720.4393311,722.3085327,724.3828125,724.4480591,721.2922363,718.0996704,713.7943115,710.3600464,706.4564819,701.7824707,702.1156006,702.6282959,702.2330322,699.7321777,697.1420288,697.3117065,699.0300903,700.5914307,702.402832,703.2841797,702.3796387,702.0505981,701.5612793,698.6798706,698.0209961,697.1168823,694.9153442,693.8377075,691.6568604,688.7930908,686.9042358,685.8468628,688.5536499,691.8342285,689.5336304,689.0472412,688.2894287,686.3144531,686.4631958,688.8618774,689.5726929,689.4179688,692.840332,694.088623,693.213623,697.5969849,699.2537231,700.3477173,702.1711426,702.2391968,704.8461914,713.8921509,700.7556152,706.4475708,708.5561523,709.4997559,712.3071289,710.6593628,708.5096436,705.755127,705.6310425,706.8168945,708.2929688,708.062439,710.269043,709.6582031,711.1619263,711.1064453,709.4674072,713.6051025,713.4648438,710.8807983,712.5761108,712.1991577,710.7073364,712.3358765,711.0418091,711.7007446,714.3341064,711.8397217,712.8693237,712.6434937,714.4980469,715.8667603,715.883728,712.6983032,709.1689453,710.9231567,706.489502,708.5039673,706.2669678,701.6809082,698.0804443,698.9679565,699.458313,697.4240723,698.1658936,696.8574219,696.1660156,694.4937744,696.0367432,701.0006714,700.019165,703.1069336,702.9627686,694.7439575,692.0485229,689.6459351,690.3474731,696.3743896,698.6877441,700.9457397,701.7941284,702.2774658,703.4885864,703.659668
Generator_Speed_max,1081,1053,1059.5,1030.5,1171,1189.5,1196,1106.5,1112,1072,1002.5,1003,1003,1012.5,19,3,1496,1312.5,1346.5,1430,1809.5,1606.5,1815,1815,1822,1823.5,1811.5,1809.5,1813,1816.5,1813,1811.5,1817.5,1549.5,1818.5,1821.5,1812,1569,1486.5,1618,1772.5,1513,1382,1391.5,1622.5,1754,1830.5,1822,1821,1838.5,1834.5,1821,1833.5,1816,1820.5,1815,1814,1630.5,1446,1750.5,1818,1821.5,1835.5,1826.5,1815,1821.5,1844.5,1826,1813,1825,1825.5,1837,1829.5,1653,1852,1840.5,1838.5,1829,1850.5,2,188,1856.5,1843,1849.5,1852.5,1847.5,1846,1841,1834.5,1857,1842.5,1853,1833.5,1825,1842,1821.5,1828,1841,1854,1840,1845.5,1820.5,1847.5,1839,1830,1840.5,1838,1831.5,1833,1834,1823.5,1826.5,1815,1822.5,1478,1671,1449.5,1617,1470,1378.5,1235.5,1262,1252,1235.5,1186,1224.5,1328,1403,1500,1806.5,1626.5,1812,1652,1335.5,1314,1298,1120.5,1451,1817.5,1808,1720.5,1513.5,1780.5,1455.5
Generator_Speed_Avg,1057.97583,1040.219116,1020.589172,1009.122498,1097.734985,1160.375854,1167.924194,1082.992554,1040.999146,1012.065002,999.8666382,1000.011658,1000.032471,695.3341675,1.720000029,-0.942499995,990.8508301,1254.765869,1251.770874,1322.3125,1525.547485,1398.016724,1675.083374,1800.020874,1799.790894,1797.644165,1800.03833,1799.838379,1800.343384,1799.944946,1798.688354,1688.294189,1672.130859,1407.866699,1566.40332,1747.045044,1694.496704,1468.275879,1406.678345,1442.280029,1448.383301,1354.40918,1265.113281,1251.634155,1379.732544,1537.810059,1628.950806,1779.480835,1666.96167,1666.636719,1704.891724,1789.185791,1548.18335,1538.289185,1665.935059,1473.265015,1636.817505,1367.1875,1347.470825,1364.13916,1544.253296,1700.311646,1658.949951,1703.055054,1658.140869,1533.931641,1555.356689,1737.497559,1472.53833,1492.209961,1665.654175,1527.785034,1364.579224,1414.625854,1498.393311,1734.560791,1773.81665,1791.956665,1763.431641,-2.868421078,56.87250137,1506.036621,1556.068359,1744.194946,1783.374146,1746.650879,1793.20752,1783.275024,1654.179199,1771.821655,1757.748291,1798.594971,1800.15332,1799.41333,1791.380859,1799.859985,1794.064209,1728.560059,1710.938354,1683.609131,1708.305054,1715.011719,1797.665039,1642.486694,1726.567505,1686.344971,1769.902466,1621.549194,1466.426636,1633.046631,1621.209961,1645.415039,1517.749146,1588.219116,1205.479126,1392.094971,1208.24585,1389.242554,1364.11499,1215.065796,1209.814209,1220.998291,1226.017456,1181.776611,1156.436646,1189.376709,1256.133301,1366.209106,1436.722534,1728.193359,1488.392456,1593.012451,1389.194214,1118.563354,1172.164185,1099.915039,1022.271667,1130.497559,1431.209961,1478.430786,1354.76001,1394.142456,1457.619995,1310.47998
SpeMea_RotSpeRdd_max,9.333393097,9.144209862,9.165406227,8.919335365,10.13239288,10.29881763,10.3343153,9.555124283,9.61673069,9.283453941,8.692612648,8.682723999,8.680764198,8.754683495,0.055303872,0.007320371,12.9769659,11.36515522,11.64177513,12.35934162,15.68482399,13.88636208,15.72224998,15.70349026,15.79731274,15.79711533,15.68245983,15.6812973,15.70047283,15.72289371,15.71192741,15.68703651,15.71565342,13.37880325,15.75563049,15.76990223,15.69150829,13.56512833,12.87798786,13.97921371,15.36533642,13.09837627,11.94705105,12.02285004,14.02804375,15.19684696,15.82450485,15.73349285,15.75655842,15.90153027,15.87256813,15.74586487,15.85836506,15.70498562,15.7543211,15.71468258,15.69893646,14.09997559,12.48967934,15.15885639,15.75397587,15.76335716,15.90415192,15.81171227,15.71873665,15.76293755,15.97539902,15.80005741,15.69196033,15.82542133,15.792943,15.92032909,15.81042576,14.2711277,15.9552145,15.92454624,15.89596272,15.83292103,16.00563049,0.00443311,1.633408189,16.03081322,15.95832634,16.02294159,15.99643993,16.01631546,15.98098278,15.94419289,15.89116287,16.05857658,15.93529701,16.02737236,15.85119247,15.79595089,15.96044922,15.79280281,15.81223774,15.89083862,16.02427673,15.93302727,15.95609283,15.73257637,15.98178864,15.9368372,15.82976818,15.92307472,15.9224453,15.83416271,15.83652687,15.87914467,15.75718021,15.81431389,15.73004246,15.776227,12.77027225,14.42336941,12.50419617,13.98126602,12.67187691,11.93909359,10.70056248,10.92477512,10.82488346,10.69598293,10.23219395,10.62449551,11.5007515,12.12584591,12.99283886,15.6454525,14.06930256,15.6879034,14.27481461,11.54375839,11.37103748,11.2280302,9.693990707,12.53756523,15.70438862,15.66663265,14.86201668,13.12421227,15.42958641,12.55914211
SpeMea_RotSpeRdd_ave,9.143816948,8.999298096,8.827274323,8.728289604,9.485218048,10.01947784,10.08295822,9.362734795,9.001617432,8.751162529,8.644949913,8.64465332,8.644097328,6.000276566,0.005093593,-0.002696324,8.556401253,10.85622692,10.83516502,11.43647671,13.19017696,12.08600903,14.49143028,15.5829525,15.58010578,15.55894566,15.58038235,15.57924843,15.58180332,15.57844448,15.5675602,14.6070652,14.46242046,12.16452026,13.54276657,15.11355495,14.65535927,12.68351936,12.15022659,12.46362591,12.51479435,11.70799828,10.93905449,10.81768322,11.92750549,13.28901958,14.08248329,15.39437008,14.41526413,14.41478825,14.74534702,15.48125172,13.38862324,13.30295372,14.41140747,12.73630142,14.15262508,11.81424809,11.64266586,11.78560257,13.35309124,14.71289063,14.35218239,14.7366848,14.34653187,13.26735878,13.45867538,15.03466511,12.7342062,12.90673542,14.41133976,13.21223831,11.79905415,12.23179817,12.96197701,15.01231766,15.35154438,15.5090704,15.26119137,-0.008073574,0.451596618,13.02153397,13.46414471,15.09844208,15.43650246,15.11529446,15.52097702,15.43277836,14.31368828,15.3361063,15.21341515,15.56810093,15.58298683,15.57701778,15.506073,15.58089828,15.53074741,14.95806122,14.80546188,14.56886387,14.78339005,14.84115219,15.55847359,14.21510124,14.94187355,14.59308434,15.31969261,14.02636909,12.68304157,14.12562943,14.02432823,14.23376465,13.12956715,13.74188519,10.42015362,12.03837109,10.44237995,12.01134682,11.79174232,10.49923325,10.45513821,10.55947208,10.60862255,10.20310497,9.984966278,10.26840973,10.85847092,11.80957794,12.41169643,14.95110321,12.86852169,13.77505493,12.00801659,9.674332619,10.13627243,9.506022453,8.841114998,9.773349762,12.3783617,12.78364944,11.71266174,12.04946899,12.60343838,11.33226395
Gen_WndTemU00_avg,51.93659973,51.93163681,51.6778183,51.64822006,51.95296478,52.98451996,53.25227356,53.12481308,52.78863144,52.68565369,52.08327103,51.80988693,51.74489594,50.81942368,46.30845261,43.50491333,44.19576263,48.30947113,50.10634613,50.87100983,51.78026199,52.40345383,52.64949036,53.62833023,54.148983,54.77404404,55.05422592,55.23464203,55.33406067,55.36841965,55.60570908,55.57787704,55.29628372,54.71537781,54.11039734,54.31941223,54.5429039,53.9610939,53.3982048,52.55633926,52.46034622,51.92904663,51.3118782,50.82778549,50.50724792,51.02356339,51.48052979,52.20986176,52.74929428,53.15989685,53.36619568,53.74533081,53.77647018,53.70720673,53.49199295,53.57144165,53.57042694,53.62163925,53.32131195,52.70392227,53.08283997,54.09062576,54.39574051,55.20689392,55.76190186,55.9432373,55.57785797,56.24541855,56.40408325,56.0328331,56.48385239,57.10883331,56.68936157,56.72473907,56.61496735,56.935112,57.82687378,58.38439941,58.7933197,56.46399689,52.52149582,52.95999146,56.34762192,57.69782639,59.09278488,59.64994049,60.03071594,60.59954453,60.78991699,61.0334816,61.16641235,61.33888626,61.20448685,61.51620483,61.25457764,61.27705002,61.40066528,61.76212311,61.33960342,61.56608582,61.46799469,61.72283936,61.46829987,62.04394531,61.53597641,61.68287659,61.9685173,61.97636795,61.54559708,61.12596893,61.45791626,61.38654327,61.26025391,61.33039856,60.58384705,60.0606041,59.26573563,59.32319641,59.17609406,58.73548126,58.11993027,58.04912949,57.63576889,57.34667969,57.12048721,57.01911926,56.9957428,57.25214767,57.19857407,57.86029434,57.77436066,58.46835327,58.66148376,57.67610168,56.9260025,56.32633591,55.56968689,55.21605301,55.89173126,56.73862076,57.29746628,56.81520081,56.64210892,56.33883286
Gen_WndTemV00_avg,51.29030609,50.79698944,50.86925125,51.0010376,51.44171524,52.24272156,52.42697144,52.71411133,52.02249146,51.78978729,51.38178253,50.9224968,50.89577866,50.0068512,45.63932037,42.99098969,43.66755295,47.4546051,49.71515656,49.78303909,50.80494308,51.49087143,51.91020203,52.62646866,53.38819504,53.81285858,54.24696732,54.48059845,54.40777588,54.52557373,54.53667831,54.41793823,54.8188858,53.96611023,53.4134407,53.43748856,53.5921936,52.76491928,52.6567688,51.71732712,51.31504822,50.89421844,50.36548233,49.9062767,49.75645828,50.30024719,50.75125504,51.48465729,51.7743721,52.17452621,52.34349442,52.76660538,52.67544556,52.63947678,52.54663467,52.53117371,52.65999222,52.66043091,52.06727219,51.76512146,52.13996887,52.97998047,53.71370697,54.29227448,54.80856705,54.91131592,54.69628906,55.37088394,55.54119873,55.10138702,55.86294937,56.02990341,55.67186737,55.46165466,55.51932144,56.30028152,56.73464203,57.61841965,58.10535049,55.58683014,51.86932755,52.46673965,55.56737518,56.91778564,58.18313217,58.89910126,59.47890091,59.83748627,59.71026611,60.14883423,60.39060593,60.4769516,60.37833405,60.42895889,60.3196373,60.45397186,60.46805191,60.62140656,60.67075348,60.59858704,60.51578903,60.65018845,60.76998138,60.82318878,60.79689407,60.75745392,60.75551605,60.95053482,60.50319672,60.29986954,60.54052734,60.40207672,60.33278656,60.4863472,59.61954498,59.07354355,58.40237808,58.75462723,58.28936386,57.81461716,57.36748123,57.13246918,56.79100418,56.43016434,56.09316254,56.10038376,56.01478577,56.2240181,56.35730362,57.13234329,57.49216843,57.8946228,58.0058136,56.89464188,56.01704407,55.51038361,54.44381332,54.19231033,54.86285019,55.80283356,56.2206459,55.69114685,55.99090576,55.73282623
Gen_WndTemW00_avg,51.1894989,51.01912689,51.03821564,50.84245682,51.13630676,51.79209137,52.69579315,51.855793,52.26545334,51.64756775,51.38580322,50.78659439,50.52398682,50.31788635,45.95491028,43.26150513,43.78792953,47.45527649,48.98895645,50.42570496,51.08854675,51.97242355,51.81357574,52.76528168,53.62377548,54.13238144,54.29677963,54.59775543,54.60542679,54.69121933,54.79160309,55.11236191,54.23558044,54.02719879,53.46152496,53.46726227,53.56197739,53.43952179,52.85559845,51.96401596,51.68625259,51.00418854,50.33607483,49.70200348,49.55129242,50.34003067,50.74403763,51.63312912,52.32670212,52.16384506,52.74674988,53.20489883,53.12638092,53.08753967,52.79620361,52.59761429,52.76153183,52.8885498,52.52368164,51.96063614,52.59622955,53.33308411,53.82798767,54.28961563,54.96918106,55.08160782,54.79886246,55.39469528,55.6147728,55.13653564,55.73372269,56.23833466,55.94549942,55.67772675,55.57907486,56.30981064,57.03622437,57.65421295,58.27112579,56.00059891,52.20941544,52.12643433,55.48047638,57.0607338,58.42138672,59.00493622,59.5930481,59.95063019,59.96618652,60.33734894,60.27276611,60.48329926,60.50788498,60.64212418,60.5505867,60.45190048,60.65851593,60.78800201,60.65112686,60.76292801,60.56483841,60.54278564,60.81365204,60.77706909,60.79436111,61.07337189,60.99389267,61.19933701,60.7728653,60.41171265,60.28234482,60.56517029,60.18121719,60.69560623,59.58028793,59.2244339,58.05783844,58.36748123,58.45467377,57.77380371,57.30844498,57.01428986,56.6870842,56.60596466,56.02700424,56.13677597,56.05793762,56.44235611,56.49249268,57.24752426,57.3375206,58.00730515,58.04530716,56.79839706,55.87582779,55.5819664,54.38143921,54.24124146,55.38917923,55.82255173,56.21575546,56.02962112,55.80334473,55.73796844
Hub_BlaInf1_BlaPsn_avg,0.00438333,0.00418333,0.00408333,0.004216664,0.004216664,0.004249997,0.00408333,0.004049997,0.2163001,0.678750038,1.735252857,2.359297991,2.037882805,23.58629227,90.14038849,90.13935089,6.269646168,-0.006566661,-0.006383328,-0.006849999,0.074816592,0.003033331,2.201982737,6.12709856,5.364033699,4.133100986,6.174182892,5.582616806,5.984332085,6.940153599,4.405266285,1.620952368,1.002301335,0.008066693,0.263181388,1.577983141,1.566584945,0.003649997,0.003716664,0.003416664,0.003899997,0.00383333,0.00388333,0.004049997,0.003483331,0.002949998,1.145783067,2.652583122,1.555253267,2.009984732,1.703966737,3.210201502,0.991635859,1.180040121,2.718383312,0.087050006,0.846668065,0.003549997,0.003483331,0.003099998,0.397116423,1.94918704,1.793200731,1.979285121,2.506619453,1.111166477,1.398067594,1.791200399,0.040583339,1.063817501,1.529401064,0.486400187,0.198684469,0.010000071,1.289682269,4.243031979,4.983565807,5.097266197,2.482966423,92.17346191,81.37322998,4.279116631,1.676316977,5.65151453,5.080317974,4.16168499,5.228419781,3.945217609,3.580499649,4.548100948,4.801083565,7.001804352,8.174782753,6.97188139,5.378633022,5.859767437,3.8498528,3.418250799,2.620183706,2.168274641,3.941316366,4.362098694,4.495565891,2.911001205,2.184067488,2.289735556,4.011415958,1.216571689,0.304333001,1.38543427,0.663766861,1.474567175,0.666783452,0.776419044,0.00388333,0.003033331,0.003516664,0.002849998,0.002766665,0.003666664,0.003483331,0.003466664,0.003399997,0.003599997,0.003583331,0.003499998,0.003349998,0.003033331,0.002233332,0.230783314,0,0.367066771,0,0.147683382,0.002066665,0.058683351,0.308500081,0.05964997,0.309916019,0.023016663,0,0,0,0
Hub_BlaInf2_BlaPsn_avg,0.010000071,0.010033404,0.011000065,0.010916753,0.010000071,0.010000071,0.010000071,0.010000071,0.221750185,0.671082199,1.726284146,2.371215105,2.045369387,23.6000309,90.17974854,90.17867279,6.294236183,0.023566773,0.023616763,0.023200106,0.097216435,0.010000071,2.200567245,6.12749815,5.364303589,4.133033752,6.174417019,5.582600117,5.984566689,6.94075346,4.404849529,1.621770501,1.002217054,0.002383332,0.24731417,1.576083899,1.565567374,0.0003,0.00065,0.000966666,0.000816666,0.001199999,0.001733332,0.001933332,0.001099999,0.000233333,1.144699454,2.654417038,1.554268241,2.012270927,1.707986474,3.215322971,0.990200937,1.184844375,2.72014904,0.085366629,0.846384883,0.009366723,0.009050049,0.008300032,0.400449038,1.945449591,1.79279983,1.978067636,2.505051136,1.11498785,1.402819157,1.792818427,0.050016802,1.067983747,1.534404516,0.490649253,0.197550789,0.006133328,1.285782933,4.242964268,4.982966423,5.096550465,2.484351397,92.46081543,81.4305954,4.281635761,1.682739258,5.649981499,5.080801964,4.162218094,5.227700233,3.944933653,3.58083415,4.547384262,4.801266193,7.002253532,8.175133705,6.971651077,5.378499985,5.859734058,3.849919796,3.418901443,2.619817972,2.169375896,3.94196701,4.364901543,4.495732784,2.914471149,2.185386658,2.289519548,4.011498451,1.215537429,0.29805088,1.384966969,0.666299999,1.476883531,0.669016898,0.779655635,0.00735001,0.00735001,0.007583349,0.00763335,0.008150028,0.008116694,0.008416701,0.008333366,0.008166695,0.007750019,0.008183363,0.007983358,0.008716708,0.008216697,0.007950024,0.234533876,0.020000141,0.38056615,0.010000071,0.154849842,0.026483344,0.078033499,0.298783332,0.057167087,0.313166469,0.01953334,0.009916736,0.010000071,0.010000071,0.010000071
Hub_BlaInf3_BlaPsn_avg,0.033550099,0.033533435,0.033516765,0.033566769,0.033700109,0.033633437,0.033683442,0.033600103,0.219266713,0.690100074,1.73245132,2.357450962,2.042431593,23.63694,90.42070007,90.41991425,6.290771484,0.004299997,0.004266663,0.003733331,0.080183379,-0.002783331,2.202198267,6.127264977,5.364318848,4.132851601,6.174667358,5.582918644,5.98429966,6.940286636,4.405116081,1.617332339,0.999968946,0.001283333,0.247480467,1.575732827,1.564749599,1.66667E-05,8.33333E-05,0.000116667,8.33333E-05,0.000233333,0.000566667,0.000533333,0.000216667,5E-05,1.144599557,2.654584169,1.552400231,2.010852575,1.705050111,3.210985899,0.99198395,1.18257606,2.719033003,0.086866684,0.85038358,0.000566667,0.000233333,0.000633333,0.397782505,1.947535157,1.797137618,1.981036425,2.503466368,1.111434937,1.399234653,1.793135405,0.046066705,1.065167308,1.530233502,0.491750181,0.194816723,0.000366667,1.282383323,4.242097378,4.98373127,5.098051071,2.484451771,92.9021225,81.68054199,4.281636238,1.682255745,5.650797367,5.08016777,4.160984516,5.228169441,3.945468426,3.583182335,4.548268795,4.800818443,7.002020836,8.174816132,6.972150803,5.379068375,5.859934807,3.849185705,3.418067217,2.620900154,2.168391705,3.941366673,4.363066196,4.495682716,2.912552118,2.186353445,2.289484978,4.011682034,1.211416841,0.300616771,1.38766861,0.661731184,1.478219509,0.663266778,0.774550498,0.001183333,0.000216667,0.000766666,0,6.66667E-05,0.000183333,1.66667E-05,0,0,0,0,0,0,0,0,0.233332574,0.010000071,0.374099493,0.007266675,0.15429987,-0.006816665,0.058016662,0.303649694,0.046916865,0.295699984,0.018966675,0.006333328,0.005383329,0.004699996,0.005766662
Gea_RotBeaTem_max,43.20867538,43.20126343,43.16032028,43.14711761,43.08418655,43.08440018,43.07420731,43.09063721,43.10753632,43.0806694,43.10880661,43.03932571,43.21497726,43.32192612,43.3222847,43.3222847,43.3222847,43.31531143,43.33995056,43.31604385,43.31816864,43.3161087,43.34394455,43.35866547,43.4223175,43.48623657,43.52328873,43.54442215,43.57666397,43.60101318,43.65743637,43.67959976,43.69784927,43.74276352,43.79604721,43.83569717,43.84230804,43.86136246,43.88511658,43.92465591,43.94143295,43.94367218,43.95396423,43.95730591,43.95051575,43.95503616,43.93156052,43.94038391,43.95318985,43.99166107,44.04076004,44.11593628,44.20562363,44.28220749,44.33771515,44.36102676,44.42939758,44.48438263,44.55401993,44.66479874,44.66773224,44.69449615,44.78171539,44.8854599,44.96696854,45.06083298,45.1803093,45.25948334,45.35895538,45.49033356,45.61469269,45.73010254,45.80126953,45.8832283,45.98101044,46.06431198,46.13073349,46.27573395,46.38121414,46.58163834,46.62091064,46.6255722,46.70795822,46.81190109,46.9803009,47.14176178,47.25564957,47.43878555,47.52759552,47.67357635,47.76687241,47.8761673,48.01808548,48.12722397,48.24852753,48.35054398,48.43155289,48.54785538,48.68066406,48.76211929,48.86326981,48.96453094,49.06481934,49.13718033,49.19649506,49.2816124,49.33694458,49.41740036,49.49275208,49.49723434,49.51472092,49.54945374,49.59928131,49.61433029,49.62742996,49.62524414,49.5878067,49.57320023,49.54903412,49.50616074,49.46880341,49.43096924,49.39192963,49.32727051,49.2662735,49.22546005,49.17053986,49.13756943,49.09971237,49.05717468,48.99377441,48.98254776,48.95163345,48.90708542,48.88388824,48.86026001,48.82922745,48.81922913,48.69778824,48.6310463,48.5426178,48.46679306,48.40716171,48.37054825
Gea_RotBeaTem_ave,43.17470551,43.15309143,43.11638641,43.06607056,43.04676056,43.04230118,43.04417038,43.04699707,43.05689621,43.04116058,43.03187943,43.01543427,43.10094833,43.25799179,43.32107925,43.32212067,43.28864288,43.28610992,43.30301666,43.29208755,43.29386902,43.28886795,43.30477142,43.32706451,43.35783386,43.42047119,43.49190521,43.51899338,43.54328918,43.56852722,43.60592651,43.64103699,43.66023254,43.7086525,43.74528122,43.79811859,43.81830597,43.83439636,43.85700989,43.88673019,43.90104675,43.91294479,43.91740417,43.92649841,43.91553879,43.91016006,43.90188217,43.90512848,43.91548538,43.94453049,43.98025894,44.05627823,44.14262009,44.22122574,44.28116989,44.33308411,44.38344574,44.43617249,44.50563812,44.57727814,44.63189697,44.67128372,44.71878433,44.81557465,44.91863251,45.00384521,45.10650253,45.21446991,45.29873276,45.40576172,45.53005219,45.65297699,45.74847794,45.8241272,45.91319275,46.00539017,46.08357239,46.1817894,46.32829666,47.77563095,46.59446716,46.59232712,46.66197968,46.74165344,46.8820076,47.05252838,47.18749619,47.34378815,47.47444153,47.58318329,47.7085762,47.80807114,47.93386078,48.05064392,48.159832,48.2904892,48.38119507,48.47003174,48.60119629,48.69726944,48.8093605,48.89503479,48.99164581,49.08346176,49.15242004,49.2159462,49.27295303,49.35778427,49.42925644,49.4672699,49.49124527,49.51254654,49.55250931,49.57492447,49.58842087,49.59045792,49.54722214,49.54089737,49.51295853,49.48040009,49.43768692,49.39767075,49.33991241,49.27787399,49.23121262,49.18475342,49.14227295,49.09955215,49.06222153,48.99830627,48.95285797,48.93377686,48.91370773,48.88258362,48.85502625,48.82820511,48.7997818,48.7342453,48.64537048,48.56311417,48.48906326,48.42700958,48.37781525,48.32976913
Gea_OilTnkTem_max,49.5855751,49.53163147,49.34807205,49.30636978,49.18622971,49.25022507,49.35324097,49.33011627,49.3304863,49.29615784,49.10065842,49.25327301,49.94706726,50.12097549,49.12343216,47.12760544,49.85863113,50.33259201,49.94763947,50.25902939,50.73688126,50.9480896,51.51416016,51.43434906,51.38863373,51.39795685,51.41769409,51.49880219,51.50008011,51.54483795,51.51752853,51.55208588,51.35531616,51.3285408,51.82670975,52.03834915,51.75209045,51.57115936,51.57842255,51.76144028,51.9978447,52.02415085,51.93505478,51.83171463,51.76915359,52.13702774,52.37750244,52.14002228,52.10282516,51.83672714,51.81175613,51.88031387,52.03145599,51.81545258,52.11999893,51.9948349,52.33103561,52.23890686,52.44628525,52.68861771,52.9630928,52.79841232,52.8792038,53.02833557,53.2120285,53.12435913,53.09825134,53.29876328,53.30575943,53.52493286,53.51417923,53.56575775,53.41299057,53.89273071,54.02412033,54.1117363,54.38201141,54.56679916,54.84585571,52.41308975,53.09809113,55.20555115,54.90515518,55.11856842,55.43029022,55.68186188,55.86273193,56.00009918,56.02165985,56.22229004,56.33057785,56.51323318,56.66140366,56.73936844,56.88186646,57.01533127,57.11546707,57.10870361,57.24249268,57.20389557,57.23168945,57.33115768,57.37164688,57.40090561,57.3887558,57.41849899,57.47320938,57.5471611,57.35856628,57.11381149,57.11950302,57.08617783,57.07693863,57.03125,56.61696243,56.14148712,55.94376373,56.20776749,55.66762543,55.42111969,55.2697525,55.27030563,55.26552582,55.29336548,55.16601181,55.12092972,55.17044067,55.61553192,55.7189064,55.5008049,55.43769836,55.39910126,55.27971268,54.90558624,54.82148361,54.68283463,54.49204636,54.31742477,54.64637756,54.52365494,54.13034058,53.86787033,53.7407341,53.65982056
Gea_OilTnkTem_ave,49.51361084,49.45702744,49.27197266,49.21629333,49.03462601,49.1293335,49.26186752,49.10100555,49.21108246,49.11376572,48.85050583,48.89670181,49.64840317,49.86427307,47.7421608,46.84368134,49.0057373,50.06439972,49.86213303,49.95353317,50.41915131,50.81341171,51.15576172,51.28431702,51.28027725,51.30184174,51.30349731,51.35438538,51.35005951,51.44488525,51.41918564,51.40268707,51.2456131,51.09862518,51.54400635,51.77640533,51.65487671,51.24549484,51.22192764,51.63826752,51.81480408,51.93968582,51.81381607,51.72511673,51.63408661,51.96125031,52.24288559,52.05453491,51.91764832,51.72045517,51.72786713,51.7706337,51.71086884,51.59640503,51.73007965,51.69110107,52.22937393,51.97582245,52.32651901,52.4532547,52.71057129,52.6651268,52.66090393,52.82718277,53.05762482,52.92801285,52.83982086,53.14966965,53.14536285,53.13022614,53.41611862,53.48447418,53.26012421,53.58626938,53.74962234,53.93533325,54.18052673,54.46429825,54.67517471,53.72481537,52.39673615,54.58107376,54.81765747,54.95085907,55.23307419,55.49440002,55.73966217,55.88910294,55.89991379,56.1325264,56.25166702,56.40628815,56.56404877,56.63115311,56.7248764,56.86828232,57.0489769,57.0585556,57.06533051,57.09314346,57.12021637,57.25275421,57.26658249,57.23591614,57.30331421,57.30234909,57.33705139,57.41452408,57.14740372,56.98209,57.01885605,57.00077438,56.8028717,56.90252686,56.29083252,55.99650574,55.71037292,56.0123291,55.59042358,55.15470886,55.22070313,55.21172714,55.18980408,55.19423294,55.11804199,55.0448761,55.09788895,55.3203125,55.5801506,55.30283737,55.31983566,55.17217636,55.10240173,54.57612228,54.60163879,54.57436752,54.32471848,54.13432693,54.317379,54.13388443,53.96380234,53.75011826,53.60639572,53.41279984
Con_Cab1_CabTem1FilMax_ave,33,33,32.90999985,32.85833359,32.95500183,33,33,33,33,32.75166702,32,32,32,32.36000061,34.21500015,34.99333191,33.31000137,32,32,32,32.27999878,33,33,33,33,33,33,33,33,33,33,33,33,33,33,33,33,33,,,,,,,,,,,,,,,,,,,,,,,,,,,,,,,,,,,,,,,,,,,,,,,,,,,,,,,,,,,,,,,,,,,,,,,,,,,,,,,,,,,,,,,,,,,,,,,,,,,,,,,,,,

